0,-0.132703384
0.2,-0.903139892
0.4,-1.609145325
0.6,-2.27095552
0.8,-2.886414225
1,-3.241475858
1.2,-3.496930851
1.4,-3.640401027
1.6,-3.665033568
1.8,-3.569257207
2,-3.356703167
2.2,-3.035963989
2.4,-2.620177963
2.6,-2.126448187
2.8,-1.542351386
3,-0.814473109
3.2,-0.082071361
3.4,0.639970352
3.6,1.273045093
3.8,1.636192064
4,1.923390469
4.2,2.105715897
4.4,2.205486814
4.6,2.305210798
4.8,2.277968895
5,2.126006336
5.2,1.856287549
5.4,1.480374872
5.6,1.014048586
5.8,0.476713354
6,-0.10936898
6.2,-0.719979136
6.4,-1.329929335
6.6,-1.914096307
6.8,-2.448452623
7,-2.911051796
7.2,-3.282925595
7.4,-3.548856701
7.6,-3.697995857
7.8,-3.72429958
8,-3.626773274
8.2,-3.409516469
8.4,-3.081556594
8.6,-2.656474923
8.8,-2.151844583
9,-1.519366007
9.2,-0.781161639
9.4,-0.03624273
9.6,0.700651562
9.8,1.276812525
10,1.652000236
10.2,1.94613554
10.4,2.130395711
10.6,2.272520528
10.8,2.371228533
11,2.340570683
11.2,2.182809206
11.4,1.905074237
11.6,1.519214624
11.8,1.04139437
12,0.491476163
12.2,-0.107769039
12.4,-0.731585446
12.6,-1.354245219
12.8,-1.950104818
13,-2.494658399
13.2,-2.965542891
13.4,-3.343452432
13.6,-3.612924704
13.8,-3.762967852
14,-3.787503753
14.2,-3.685612529
14.4,-3.461575115
14.6,-3.124699649
14.8,-2.688935878
15,-2.172298006
15.2,-1.491287697
15.4,-0.741777255
15.6,0.016600173
15.8,0.769077523
16,1.387285179
16.2,1.772247139
16.4,2.078822595
16.6,2.277342477
16.8,2.344741274
17,2.447567038
17.2,2.416473725
17.4,2.254739954
17.6,1.969827609
17.8,1.573982717
18,1.083842202
18.2,0.519813859
18.4,-0.094727097
18.6,-0.734380832
18.8,-1.372759035
19,-1.983566644
19.2,-2.541680987
19.4,-3.024181467
19.6,-3.411286279
19.8,-3.68715766
20,-3.840543616
20.2,-3.86523134
20.4,-3.760296981
20.6,-3.530148708
20.8,-3.184348076
21,-2.737214032
21.2,-2.207230575
21.4,-1.476388989
21.6,-0.712596838
21.8,0.062812045
22,0.840914103
22.2,1.431104942
22.4,1.863009384
22.6,2.182138348
22.8,2.392584024
23,2.470103179
23.2,2.534123902
23.4,2.502689283
23.6,2.336854192
23.8,2.044338426
24,1.637754951
24.2,1.134215824
24.4,0.554701008
24.6,-0.07676374
24.8,-0.734073716
25,-1.390108963
25.2,-2.01784537
25.4,-2.591463379
25.6,-3.087405978
25.8,-3.485341147
26,-3.768989171
26.2,-3.926781911
26.4,-3.95232866
26.6,-3.844672894
26.8,-3.608337039
27,-3.253139459
27.2,-2.79378794
27.4,-2.216514829
27.6,-1.467644097
27.8,-0.687275142
28,0.107768966
28.2,0.86872953
28.4,1.477225966
28.6,1.95773183
28.8,2.290420768
29,2.513674108
29.2,2.602469926
29.4,2.629193097
29.6,2.597957341
29.8,2.428155792
30,2.1277742
30.2,1.709811383
30.4,1.191885821
30.6,0.595593357
30.8,-0.054334621
31,-0.731023906
31.2,-1.406551156
31.4,-2.05308721
31.6,-2.644038449
31.8,-3.155136233
32,-3.565428115
32.2,-3.85813004
32.4,-4.021305644
32.6,-4.048346583
32.8,-3.938237838
33,-3.695605249
33.2,-3.330528657
33.4,-2.858124708
33.6,-2.228780946
33.8,-1.464483459
34,-0.665265044
34.2,0.151945846
34.4,0.89752155
34.6,1.525695035
34.8,2.056542341
35,2.403695507
35.2,2.640482771
35.4,2.741186405
35.6,2.732297124
35.8,2.701746338
36,2.528075589
36.2,2.219549264
36.4,1.789572581
36.6,1.256302024
36.8,0.641992138
37,-0.027866902
37.2,-0.72556959
37.4,-1.422321062
37.6,-2.089415307
37.8,-2.699412075
38,-3.227260709
38.2,-3.65132297
38.4,-3.954252726
38.6,-4.123697565
38.8,-4.152795473
39,-4.040450079
39.2,-3.791381922
39.4,-3.415938186
39.6,-2.929664617
39.8,-2.247825821
40,-1.466309272
40.2,-0.646007653
40.4,0.195812187
40.6,0.927069017
40.8,1.576539858
41,2.160098459
41.2,2.521955823
41.4,2.772857504
41.6,2.885933581
41.8,2.842200212
42,2.813484546
42.2,2.636007631
42.4,2.319045698
42.6,1.876432505
42.8,1.326894268
43,0.693385939
43.2,0.002207436
43.4,-0.718045792
43.6,-1.437643139
43.8,-2.126934453
44,-2.757565196
44.2,-3.303637397
44.4,-3.742766725
44.6,-4.056992064
44.8,-4.233501511
45,-4.265147091
45.2,-4.150731189
45.4,-3.89506237
45.6,-3.508762082
45.8,-3.007825431
46,-2.308117114
46.2,-1.506235958
46.4,-0.663910623
46.6,0.200685523
46.8,0.954517763
47,1.62540458
47.2,2.228336944
47.4,2.606718522
47.6,2.870609243
47.8,2.992619543
48,2.953413758
48.2,2.924648713
48.4,2.742555142
48.6,2.416602056
48.8,1.960995732
49,1.394999564
49.2,0.742248344
49.4,0.029836431
49.6,-0.712764695
49.8,-1.454903339
50,-2.166001626
50.2,-2.816809213
50.4,-3.380601185
50.6,-3.834268867
50.8,-4.159258582
51,-4.342321211
51.2,-4.376044079
51.4,-4.259147762
51.6,-3.996545725
51.8,-3.599147309
52,-3.083406828
52.2,-2.330731131
52.4,-1.509875623
52.6,-0.644460217
52.8,0.252940598
53,0.98668857
53.2,1.679937149
53.4,2.302758629
53.6,2.730214662
53.8,3.008133632
54,3.142303797
54.2,3.112150834
54.4,3.042042494
54.6,2.855808607
54.8,2.520840195
55,2.051807253
55.2,1.46858213
55.4,0.795543624
55.6,0.060643131
55.8,-0.705708248
56,-1.471872756
56.2,-2.206279332
56.4,-2.878717519
56.6,-3.461574318
56.8,-3.930960836
57,-4.267682212
57.2,-4.458012503
57.4,-4.494245191
57.6,-4.375001412
57.8,-4.105294134
58,-3.696327719
58.2,-3.13227518
58.4,-2.358919146
58.6,-1.517300145
58.8,-0.626698815
59,0.260235422
59.2,1.019764801
59.4,1.73675186
59.6,2.380766706
59.8,2.858496019
60,3.15076838
60.2,3.297270088
60.4,3.276616798
60.6,3.166099112
60.8,2.975749248
61,2.631483876
61.2,2.148461155
61.4,1.54719322
61.6,0.852841001
61.8,0.094258048
62,-0.697153975
62.2,-1.488716177
62.4,-2.247807197
62.6,-2.943199572
62.8,-3.546337813
63,-4.032503058
63.2,-4.381816125
63.4,-4.580039369
63.6,-4.619147139
63.8,-4.497646377
64,-4.220645948
64.2,-3.799653032
64.4,-3.219337887
64.6,-2.426134368
64.8,-1.561884635
65,-0.646799884
65.2,0.265460764
65.4,1.050080442
65.6,1.790876171
65.8,2.456437179
66,2.95256202
66.2,3.259310135
66.4,3.415783519
66.6,3.400206037
66.8,3.289677287
67,3.094240683
67.2,2.740025536
67.4,2.242601991
67.6,1.623077266
67.8,0.907366214
68,0.125204074
68.2,-0.691034679
68.4,-1.507647867
68.6,-2.290983147
68.8,-3.008817316
69,-3.6316755
69.2,-4.134033297
69.4,-4.495352188
69.6,-4.700907481
69.8,-4.742377758
70,-4.618176964
70.2,-4.333528105
70.4,-3.90025572
70.6,-3.267151346
70.8,-2.456328499
71,-1.569651233
71.2,-0.62757872
71.4,0.275128144
71.6,1.086004754
71.8,1.851290061
72,2.538666352
72.2,3.085716181
72.4,3.406460276
72.6,3.574730517
72.8,3.568084584
73,3.41778717
73.2,3.2178505
73.4,2.853767846
73.6,2.341636822
73.8,1.703242422
74,0.965320698
74.2,0.158549022
74.4,-0.68366751
74.6,-1.526546697
74.8,-2.335349571
75,-3.076803564
75.2,-3.720464176
75.4,-4.239956136
75.6,-4.614042654
75.8,-4.827480752
76,-4.871630769
76.2,-4.744800706
76.4,-4.4523248
76.6,-4.006352263
76.8,-3.35619761
77,-2.524651972
77.2,-1.614423169
77.4,-0.646938044
77.6,0.281988616
77.8,1.118773702
78,1.908582996
78.2,2.618088716
78.4,3.217622201
78.6,3.551683072
78.8,3.731855833
79,3.734462562
79.2,3.545365034
79.4,3.342605221
79.6,2.969521641
79.8,2.443440572
80,1.786803964
80.2,1.02714947
80.4,0.196080751
80.6,-0.671976923
80.8,-1.541165366
81,-2.37565615
81.2,-3.141117588
81.4,-3.806119218
81.6,-4.343412599
81.8,-4.731035266
82,-4.953194507
82.2,-5.000898128
82.4,-4.872312358
82.6,-4.572846663
82.8,-4.114940372
83,-3.412698703
83.2,-2.56278799
83.4,-1.628821876
83.6,-0.632669159
83.8,0.287170945
84,1.151463745
84.2,1.967176532
84.4,2.700002975
84.6,3.319369705
84.8,3.669026679
85,3.85987764
85.2,3.867836371
85.4,3.67857717
85.6,3.470183813
85.8,3.086236214
86,2.544509151
86.2,1.86808996
86.4,1.0853324
86.6,0.228793317
86.8,-0.666051439
87,-1.562239725
87.2,-2.42283209
87.4,-3.212425152
87.6,-3.898600406
87.8,-4.453245272
88,-4.853691659
88.2,-5.083627468
88.4,-5.133747439
88.6,-5.002123084
88.8,-4.694292032
89,-4.22304035
89.2,-3.503018537
89.4,-2.631598914
89.6,-1.673275024
89.8,-0.650915932
90,0.29588303
90.2,1.186741963
90.4,2.027531332
90.6,2.782912312
90.8,3.421385705
91,3.818072493
91.2,4.020135594
91.4,4.036600233
91.6,3.852017254
91.8,3.597327342
92,3.20390216
92.2,2.647644431
92.4,1.952333016
92.6,1.14715635
92.8,0.265629627
93,-0.655720354
93.2,-1.578826714
93.4,-2.465634721
93.6,-3.279659924
93.8,-3.987480579
94,-4.560098931
94.2,-4.974114813
94.4,-5.21266568
94.6,-5.266098583
94.8,-5.132353351
95,-4.817057831
95.2,-4.33330755
95.4,-3.561193563
95.6,-2.670201351
95.8,-1.686734974
96,-0.628141736
96.2,0.303142577
96.4,1.221955774
96.6,2.089016318
96.8,2.867981461
97,3.526430674
97.2,3.938714739
97.4,4.151342367
97.6,4.172919758
97.8,3.987819339
98,3.727032893
98.2,3.322195729
98.4,2.749680973
98.6,2.033937833
98.8,1.204997403
99,0.297355187
99.2,-0.651384891
99.4,-1.602027188
99.6,-2.515384006
99.8,-3.353881126
100,-4.083095316
100.2,-4.673156386
100.4,-5.099955613
100.6,-5.346113467
100.8,-5.401671407
101,-5.264486717
101.2,-4.940331841
101.4,-4.442669161
101.6,-3.652151846
101.8,-2.738999612
102,-1.730524726
102.2,-0.645101077
102.4,0.313700332
102.6,1.259559945
102.8,2.152080048
103,2.953869997
103.2,3.631572932
103.4,4.091004119
103.6,4.314069477
103.8,4.343323008
104,4.162487203
104.2,3.855681815
104.4,3.440961825
104.6,2.853437013
104.8,2.118279907
105,1.266384886
105.2,0.333232137
105.4,-0.642499313
105.6,-1.620487478
105.8,-2.560410911
106,-3.423599588
106.2,-4.174616535
106.4,-4.782700416
106.6,-5.223009074
106.8,-5.477615651
107,-5.536221207
107.2,-5.396562417
107.4,-5.064516385
107.6,-4.553872273
107.8,-3.745807308
108,-2.811240856
108.2,-1.778362114
108.4,-0.666546203
108.6,0.319519347
108.8,1.292368259
109,2.210488753
109.2,3.035436293
109.4,3.732903863
109.6,4.207896301
109.8,4.441675644
110,4.476371225
110.2,4.295502325
110.4,3.983208272
110.6,3.557772964
110.8,2.954747832
111,2.199944851
111.2,1.325068836
111.4,0.366548163
111.6,-0.635891634
111.8,-1.640827682
112,-2.606829616
112.2,-3.494156933
112.4,-4.26638498
112.6,-4.891887747
112.8,-5.345115866
113,-5.607620275
113.2,-5.668784769
113.4,-5.526245706
113.6,-5.186001605
113.8,-4.629415201
114,-3.801940472
114.2,-2.846715451
114.4,-1.787584424
114.6,-0.684060933
114.8,0.330907172
115,1.331505898
115.2,2.275553722
115.4,3.123607666
115.6,3.840454426
115.8,4.330341829
116,4.57392889
116.2,4.612944652
116.4,4.430761626
116.6,4.11160041
116.8,3.674040031
117,3.054130906
117.2,2.278380677
117.4,1.379357636
117.6,0.394485988
117.8,-0.635422056
118,-1.667811785
118.2,-2.660123535
118.4,-3.571537403
118.6,-4.364643922
118.8,-5.006966865
119,-5.472274979
119.2,-5.741632035
119.4,-5.804147775
119.6,-5.657407905
119.8,-5.307586635
120,-4.736442273
120.2,-3.890009819
120.4,-2.912189883
120.6,-1.827752793
120.8,-0.697253724
121,0.345210265
121.2,1.372678301
121.4,2.341860363
121.6,3.212279694
121.8,3.947806581
122,4.484423721
122.2,4.73708554
122.4,4.782396679
122.6,4.603263097
122.8,4.238303496
123,3.790331349
123.2,3.154951328
123.4,2.359428273
123.6,1.437216407
123.8,0.426738961
124,-0.630109978
124.2,-1.689649746
124.4,-2.708194132
124.6,-3.643840989
124.8,-4.45818633
125,-5.117886707
125.2,-5.596004848
125.4,-5.873086734
125.6,-5.937931929
125.8,-5.788035104
126,-5.429702968
126.2,-4.845045237
126.4,-3.980635723
126.6,-2.981097501
126.8,-1.872090257
127,-0.715179983
127.2,0.354411246
127.4,1.408590967
127.6,2.402966893
127.8,3.296025797
128,4.050710104
128.2,4.602219674
128.4,4.864896033
128.6,4.914944237
128.8,4.735096475
129,4.364019994
129.2,3.904784169
129.4,3.253455315
129.6,2.437955582
129.8,1.492562759
130,0.456656193
130.2,-0.626821172
130.4,-1.713091217
130.6,-2.757368028
130.8,-3.716693721
131,-4.551696314
131.2,-5.228191443
131.4,-5.718561309
131.6,-6.002857999
131.8,-6.069592387
132,-5.916186422
132.2,-5.549093846
132.4,-4.914396628
132.6,-4.034221116
132.8,-3.013134953
133,-1.877002073
133.2,-0.728548786
133.4,0.369288736
133.6,1.450811657
133.8,2.470601127
134,3.386159118
134.2,4.159542828
134.4,4.725213657
134.6,4.99695851
134.8,5.050602393
135,4.86875955
135.2,4.490204961
135.4,4.018328266
135.6,3.349714267
135.8,2.512996733
136,1.543327621
136.2,0.481087141
136.4,-0.629695943
136.6,-1.743118505
136.8,-2.813278009
137,-3.796155273
137.2,-4.65141632
137.4,-5.344053071
137.6,-5.845794775
137.8,-6.136236299
138,-6.203644013
138.2,-6.045417087
138.4,-5.668210165
138.6,-5.018520723
138.8,-4.119068456
139,-3.075202264
139.2,-1.913718977
139.4,-0.738394449
139.6,0.386688853
139.8,1.494702185
140,2.53913423
140.2,3.476474163
140.4,4.267887794
140.6,4.847101261
140.8,5.127346716
141,5.184113511
141.2,4.999908816
141.4,4.613624127
141.6,4.128969198
141.8,3.443051409
142,2.585217155
142.2,1.591488547
142.4,0.503237819
142.6,-0.634433726
142.8,-1.774515148
143,-2.870007692
143.2,-3.875853659
143.4,-4.750781273
143.6,-5.458983331
143.8,-5.971560033
144,-6.267671223
144.2,-6.33535829
144.4,-6.172013707
144.6,-5.784505065
144.8,-5.119752858
145,-4.201072845
145.2,-3.134593275
145.4,-1.948037173
145.6,-0.746218564
145.8,0.405649847
146,1.539628612
146.2,2.608135812
146.4,3.566671489
146.6,4.375534541
146.8,5.001373054
147,5.288138433
147.2,5.34944821
147.4,5.166811481
147.6,4.734024489
147.8,4.239241963
148,3.537628692
148.2,2.660032471
148.4,1.643369633
148.6,0.530006157
148.8,-0.633891937
149,-1.800215325
149.2,-2.920875198
149.4,-3.949775333
149.6,-4.844698428
149.8,-5.569022079
150,-6.093193106
150.2,-6.395904348
150.4,-6.464933627
150.6,-6.297622822
150.8,-5.901004834
151,-5.186667597
151.2,-4.251687803
151.4,-3.163010597
151.6,-1.948730605
151.8,-0.756397786
152,0.423180005
152.2,1.583886428
152.4,2.677125554
152.6,3.657434169
152.8,4.484252457
153,5.123517163
153.2,5.418657181
153.4,5.482943124
153.6,5.297786151
153.8,4.857110177
154,4.349408898
154.2,3.630373862
154.4,2.731569531
154.6,1.690785526
154.8,0.551382013
155,-0.639401422
155.2,-1.832347892
155.4,-2.978274018
155.6,-4.030048152
155.8,-4.944519625
156,-5.684272459
156.2,-6.219130748
156.4,-6.527358985
156.6,-6.596516638
156.8,-6.423945126
157,-6.016895977
157.2,-5.287381618
157.4,-4.333078439
157.6,-3.221718012
157.8,-1.982323272
158,-0.763493082
158.2,0.44283898
158.4,1.629450528
158.6,2.74667771
158.8,3.748072183
159,4.592212361
159.2,5.244331017
159.4,5.54733246
159.6,5.614176753
159.8,5.426190138
160,4.977432023
160.2,4.4567348
160.4,3.720317072
160.6,2.800458503
160.8,1.735815788
161,0.57073254
161.2,-0.646492886
161.4,-1.865554305
161.6,-3.036194771
161.8,-4.110270067
162,-5.043719935
162.2,-5.798358482
162.4,-6.343409609
162.6,-6.656729879
162.8,-6.725677852
163,-6.547608248
163.2,-6.130000816
163.4,-5.38529751
163.6,-4.411774814
163.8,-3.27794657
164,-2.013755302
164.2,-0.768835563
164.4,0.463770659
164.6,1.675754891
164.8,2.816407518
165,3.838318525
165.2,4.699228305
165.4,5.363688685
165.6,5.674100975
165.8,5.743133574
166,5.55204273
166.2,5.095034268
166.4,4.561285682
166.6,3.80754451
166.8,2.866802973
167,1.778577618
167.2,0.588184028
167.4,-0.655035969
167.6,-1.899705405
167.8,-3.094514751
168,-4.190329847
168.2,-5.142204151
168.4,-5.91120486
168.6,-6.465977375
168.8,-6.783989799
169,-6.852416174
169.2,-6.668637215
169.4,-6.240369409
169.6,-5.48048825
169.8,-4.487869796
170,-3.331805186
170.2,-2.04314715
170.4,-0.772552227
170.6,0.485846785
170.8,1.722675325
171,2.886200005
171.2,3.928072199
171.4,4.805217444
171.6,5.481528874
171.8,5.798925464
172,5.869801804
172.2,5.675358009
172.4,5.209956176
172.6,4.663124285
172.8,3.89213976
173,2.930703874
173.2,1.819185109
173.4,0.603859
173.6,-0.664904793
173.8,-1.934677156
174,-3.153116895
174.2,-4.270122229
174.4,-5.239883144
174.6,-6.022742245
174.8,-6.586787306
175,-6.909116483
175.2,-6.976734683
175.4,-6.787060258
175.6,-6.348053915
175.8,-5.537945516
176,-4.527639456
176.2,-3.348255174
176.4,-2.025039404
176.6,-0.771571327
176.8,0.513428146
177,1.775486681
177.2,2.961909186
177.4,4.023454525
177.6,4.916273942
177.8,5.603642536
178,5.959138112
178.2,6.031914868
178.4,5.836594672
178.6,5.366790348
178.8,4.765378873
179,3.977699705
179.2,2.995850985
179.4,1.861131738
179.6,0.620827854
179.8,-0.673628488
180,-1.968729966
180.2,-3.211082294
180.4,-4.349597187
180.6,-5.337583759
180.8,-6.134643706
181,-6.708291854
181.2,-7.035242216
181.4,-7.102317726
181.6,-6.906963187
181.8,-6.457374363
182,-5.632205901
182.2,-4.602959666
182.4,-3.401526972
182.6,-2.054056355
182.8,-0.775151975
183,0.535395282
183.2,1.822057388
183.4,3.031125565
183.6,4.112429751
183.8,5.021315192
184,5.720405878
184.2,6.082805286
184.4,6.157394596
184.6,5.958739987
184.8,5.480609098
185,4.866231829
185.2,4.061469561
185.4,3.059121696
185.6,1.90133082
185.8,0.636333464
186,-0.683420261
186.2,-2.003381061
186.4,-3.269133102
186.6,-4.428630213
186.8,-5.434327012
187,-6.245108403
187.2,-6.827937788
187.4,-7.159163447
187.6,-7.225441121
187.8,-7.024252792
188,-6.564035655
188.2,-5.723871146
188.4,-4.675855922
188.6,-3.452646266
188.8,-2.081281511
189,-0.777375544
189.2,0.558228917
189.4,1.868968535
189.6,3.100142729
189.8,4.200674986
190,5.12512667
190.2,5.835491469
190.4,6.204417251
190.6,6.280528035
190.8,6.078345986
191,5.591801101
191.2,4.964479334
191.4,4.142762795
191.6,3.120146647
191.8,1.939607389
192,0.650318783
192.2,-0.694267761
192.4,-2.038580178
192.6,-3.327202089
192.8,-4.50715139
193,-5.530050177
193.2,-6.354087634
193.4,-6.945694993
193.6,-7.280871416
193.8,-7.346118725
194,-7.138965491
194.2,-6.668095569
194.4,-5.813018056
194.6,-4.746421026
194.8,-3.501718133
195,-2.106827953
195.2,-0.778358544
195.4,0.581813985
195.6,1.916111293
195.8,3.168862609
196,4.288106982
196.2,5.227643379
196.4,5.948855218
196.6,6.323952594
196.8,6.401317239
197,6.19543801
197.2,5.700413837
197.4,5.060188966
197.6,4.221664246
197.8,3.179024405
198,1.976069648
198.2,0.66289717
198.4,-0.706057162
198.6,-2.074217729
198.8,-3.385188432
199,-4.58507281
199.2,-5.624681871
199.4,-6.461529452
199.6,-7.061533057
199.8,-7.400358443
200,-7.464365841
200.2,-7.251138883
200.4,-6.769612387
200.6,-5.899723155
200.8,-4.814746575
201,-3.548845449
201.2,-2.130805573
201.4,-0.778213315
201.6,0.60604036
201.8,1.963382322
202,3.237192932
202.2,4.374648345
202.4,5.328805986
202.6,6.060458272
202.8,6.441394489
203,6.519768014
203.2,6.310044158
203.4,5.806496443
203.6,5.153428794
203.8,4.298258062
204,3.235851692
204.2,2.01082288
204.4,0.67417811
204.6,-0.718679307
204.8,-2.110189397
205,-3.442996957
205.2,-4.662312362
205.4,-5.718156414
205.6,-6.567387286
205.8,-7.175426388
206,-7.517620913
206.2,-7.580200917
206.4,-7.360812656
206.6,-6.835869901
206.8,-5.949492113
207,-4.84702222
207.2,-3.558149564
207.4,-2.151692568
207.6,-0.773455163
207.8,0.635565422
208,2.016248096
208.2,3.311080757
208.4,4.466419753
208.6,5.43461977
208.8,6.175921522
209,6.561743512
209.2,6.640048205
209.4,6.425320535
209.6,5.912059883
209.8,5.244982491
210,4.372070974
210.2,3.288919847
210.4,2.040995199
210.6,0.680246398
210.8,-0.73693001
211,-2.151972908
211.2,-3.506560958
211.4,-4.7450144
211.6,-5.816576707
211.8,-6.677472445
212,-7.292657096
212.2,-7.637196194
212.4,-7.697231691
212.6,-7.470518128
212.8,-6.933770912
213,-6.031577977
213.2,-4.909914671
213.4,-3.599253325
213.6,-2.169306663
213.8,-0.766878354
214,0.666024949
214.2,2.069295985
214.4,3.384493329
214.6,4.557140042
214.8,5.53888755
215,6.289430755
215.2,6.679817783
215.4,6.757836932
215.6,6.53800265
215.8,6.015040472
216,5.334073836
216.2,4.443642425
216.4,3.340058948
216.6,2.069629641
216.8,0.68523073
217,-0.755766648
217.2,-2.193820733
217.4,-3.569665576
217.6,-4.826752924
217.8,-5.913569776
218,-6.785726264
218.2,-7.407728602
218.4,-7.754374114
218.6,-7.811726316
218.8,-7.577653573
219,-7.029174155
219.2,-6.111341473
219.4,-4.970756205
219.6,-3.638662587
219.8,-2.185653039
220,-0.759512815
220.2,0.696762012
220.4,2.122099219
220.6,3.457149745
220.8,4.646624622
221,5.641491951
221.2,6.400918559
221.4,6.795597088
221.6,6.87315302
221.8,6.648137262
222,6.115504136
222.2,5.420782595
222.4,4.513063714
222.6,3.38936869
222.8,2.096830588
223,0.689236129
223.2,-0.775087733
223.4,-2.235639008
223.6,-3.632228374
223.8,-4.907460278
224,-6.009085489
224.2,-6.892118146
224.4,-7.520631049
224.6,-7.869165889
224.8,-7.923716551
225,-7.682269924
225.2,-7.122147582
225.4,-6.188864737
225.6,-5.029639743
225.8,-3.676477205
226,-2.200834347
226.2,-0.751459732
226.4,0.727681092
226.6,2.174571907
226.8,3.528977295
227,4.734816959
227.2,5.74239492
227.4,6.510366893
227.6,6.909084077
227.8,6.986019607
228,6.755766943
228.2,6.213511041
228.4,5.505183971
228.6,4.580421949
228.8,3.436944462
229,2.122697762
229.2,0.69236252
229.4,-0.794797261
229.6,-2.277339615
229.8,-3.694172756
230,-4.987074531
230.2,-6.103079108
230.4,-6.996622351
230.6,-7.631358697
230.8,-7.981585959
231,-8.033236354
231.2,-7.784419195
231.4,-7.212759071
231.6,-6.264228685
231.8,-5.086655887
232,-3.712793716
232.2,-2.214949052
232.4,-0.74281541
232.6,0.75869204
232.8,2.226633792
233,3.59990893
233.2,4.821665974
233.4,5.841563428
233.6,6.617762096
233.8,7.052478959
234,7.129149977
234.2,6.896694727
234.4,6.350035876
234.6,5.588691704
234.8,4.649004169
235,3.487551258
235.2,2.153120292
235.4,0.701284638
235.6,-0.807768398
235.8,-2.311672782
236,-3.748445896
236.2,-5.059042467
236.4,-6.189773276
236.6,-7.094477994
236.8,-7.736363726
237,-8.089445142
237.2,-8.139544538
237.4,-7.884837996
237.6,-7.303191935
237.8,-6.34097408
238,-5.146558396
238.2,-3.75338374
238.4,-2.234548813
238.6,-0.740640114
238.8,0.782518661
239,2.271093852
239.2,3.663135705
239.4,4.901025146
239.6,5.933765675
239.8,6.719001129
240,7.158587193
240.2,7.235770601
240.4,6.99946507
240.6,6.444765741
240.8,5.67153207
241,4.716582763
241.2,3.537118508
241.4,2.182666645
241.6,0.709624864
241.8,-0.820945632
242,-2.345792864
242.2,-3.802074463
242.4,-5.129948253
242.6,-6.275023999
242.8,-7.190564044
243,-7.839343485
243.2,-8.195105487
243.4,-8.243570168
243.6,-7.982984125
243.8,-7.35506205
244,-6.381552567
244.2,-5.170588512
244.4,-3.75559872
244.6,-2.250701124
244.8,-0.733990429
245,0.811410528
245.2,2.32085086
245.4,3.731582809
245.6,4.985259466
245.8,6.030265853
246,6.82376622
246.2,7.267298895
246.4,7.343964351
246.6,7.102708481
246.8,6.538847126
247,5.752629577
247.2,4.78139827
247.4,3.583017999
247.6,2.20779306
247.8,0.712976237
248,-0.839474146
248.2,-2.385405574
248.4,-3.861110633
248.6,-5.205954466
248.8,-6.364859279
249,-7.290532072
249.2,-7.945345391
249.4,-8.30280647
249.6,-8.348573469
249.8,-8.081006876
250,-7.44210674
250.2,-6.454053001
250.4,-5.22556364
250.6,-3.790781231
250.8,-2.264640489
251,-0.726141333
251.2,0.840689341
251.4,2.370316079
251.6,3.799161429
251.8,5.068138722
252,6.125013205
252.2,6.926473131
252.4,7.373740518
252.6,7.449774766
252.8,7.203562889
253,6.630638245
253.2,5.831632728
253.4,4.844400706
253.6,3.627459495
253.8,2.231875851
254,0.715740677
254.2,-0.858109332
254.4,-2.42464088
254.6,-3.919301442
254.8,-5.280682767
255,-6.45303733
255.2,-7.388532396
255.4,-8.049150695
255.6,-8.408172861
255.8,-8.451200634
256,-8.176709966
256.2,-7.526983825
256.4,-6.524627359
256.6,-5.278933877
256.8,-3.824746552
257,-2.277800853
257.2,-0.71798324
257.4,0.869794856
257.6,2.419133391
257.8,3.865644883
258,5.149521435
258.2,6.217925123
258.4,7.027082196
258.6,7.477909169
258.8,7.553231546
259,7.302080463
259.2,6.720205691
259.4,5.908616675
259.6,4.9056713
259.8,3.670527523
260,2.254999726
260.2,0.717999817
260.4,-0.876775853
260.6,-2.463432751
260.8,-3.976592827
261,-5.354093242
261.2,-6.539533979
261.4,-7.484557529
261.6,-8.150768843
261.8,-8.511230584
262,-8.551492941
262.2,-8.27014827
262.4,-7.609759473
262.6,-6.593350354
262.8,-5.330779389
263,-3.857576975
263.2,-2.290263228
263.4,-0.709592518
263.6,0.898658513
263.8,2.467244885
264,3.930988299
264.2,5.229377604
264.4,6.308987687
264.6,7.125596099
264.8,7.579823969
265,7.654369378
265.2,7.398309943
265.4,6.807610183
265.6,5.983651556
265.8,4.965286692
266,3.712302044
266.2,2.277244664
266.4,0.719830349
266.6,-0.895403468
266.8,-2.501720297
267,-4.032935752
267.2,-5.426150712
267.4,-6.624329329
267.6,-7.578603631
267.8,-8.250212156
268,-8.612007556
268.2,-8.649492697
268.4,-8.361376696
268.6,-7.690498889
268.8,-6.660294782
269,-5.381177546
269.2,-3.889351243
269.4,-2.30210446
269.6,-0.70104093
269.8,0.927216611
270,2.514597554
270.2,3.995151548
270.4,5.307681617
270.6,6.398190825
270.8,7.222020679
271,7.679506367
271.2,7.753224358
271.4,7.492300507
271.6,6.892911889
271.8,6.056805999
272,5.023321115
272.2,3.752859821
272.4,2.298686786
272.6,0.721304606
272.8,-0.913926618
273,-2.539447435
273.2,-4.088285914
273.4,-5.496824465
273.6,-6.707407493
273.8,-7.670670251
274,-8.347495593
274.2,-8.710533469
274.4,-8.745243049
274.6,-8.450450022
274.8,-7.769266189
275,-6.725531438
275.2,-5.430202891
275.4,-3.920144557
275.6,-2.313397286
275.8,-0.692395733
276,0.955410156
276.2,2.561143111
276.4,4.058099035
276.6,5.384412025
276.8,6.485528084
277,7.316364698
277.2,7.776979922
277.4,7.849833791
277.6,7.584101602
277.8,6.976170295
278,6.12814703
278.2,5.079846348
278.4,3.792274418
278.6,2.319398395
278.8,0.722490649
279,-0.932284292
279.2,-2.576562719
279.4,-4.142603546
279.6,-5.566088034
279.8,-6.788756368
280,-7.760760108
280.2,-8.442636525
280.4,-8.806839581
280.6,-8.838787803
280.8,-8.537422754
281,-7.846124299
281.2,-6.789129057
281.4,-5.477927123
281.6,-3.950028606
281.8,-2.324210414
282,-0.683719804
282.2,0.983184709
282.4,2.6068378
282.6,4.119799492
282.8,5.459551314
283,6.570996397
283.2,7.408639614
283.4,7.872270089
283.6,7.944236012
283.8,7.673762785
284,7.057444083
284.2,6.197739996
284.4,5.134931689
284.6,3.830616214
284.8,2.339448047
285,0.723452378
285.2,-0.950419884
285.4,-2.613019166
285.6,-4.195853218
285.8,-5.633918984
286,-6.868367408
286.2,-7.848878858
286.4,-8.535654528
286.6,-8.900958528
286.8,-8.930171263
287,-8.622348996
287.2,-7.885418814
287.4,-6.817201628
287.6,-5.489794045
287.8,-3.940822758
288,-2.331664081
288.2,-0.670792821
288.4,1.015706764
288.6,2.657448883
288.8,4.186303859
289,5.539137527
289.2,6.660344496
289.4,7.504052335
289.6,7.969822413
289.8,8.039931455
290,7.763690865
290.2,7.137945776
290.4,6.265554086
290.6,5.187306657
290.8,3.865429246
291,2.355297099
291.2,0.719715747
291.4,-0.973557205
291.6,-2.654574159
291.8,-4.254088264
292,-5.706417536
292.2,-6.952137562
292.4,-7.940479158
292.6,-8.631335784
292.8,-8.99681546
293,-9.022298262
293.2,-8.706995655
293.4,-7.959137156
293.6,-6.876972206
293.8,-5.533161085
294,-3.965998338
294.2,-2.337617878
294.4,-0.657310357
294.6,1.048036137
294.8,2.707258567
295,4.251510175
295.2,5.617030166
295.4,6.7477021
295.6,7.597277164
295.8,8.065086893
296,8.133337395
296.2,7.851429895
296.4,7.216453838
296.6,6.331654129
296.8,5.238316692
297,3.899281692
297.2,2.370628638
297.4,0.715925254
297.6,-0.996283181
297.8,-2.695270162
298,-4.31105263
298.2,-5.777286578
298.4,-7.033986938
298.6,-8.029946864
298.8,-8.724760672
299,-9.090385247
299.2,-9.11220146
299.4,-8.789573264
299.6,-8.031026231
299.8,-6.935228777
300,-5.575391977
300.2,-3.990462751
300.4,-2.34331486
300.6,-0.644035508
300.8,1.07970261
301,2.755978036
301.2,4.315244586
301.4,5.693130565
301.6,6.833021654
301.8,7.688302701
302,8.158081958
302.2,8.224497604
302.4,7.937039375
302.6,7.293035884
302.8,6.396110335
303,5.288032283
303.2,3.932241933
303.4,2.385506465
303.6,0.712137715
303.8,-1.01855019
304,-2.735070619
304.2,-4.36672227
304.4,-5.846515514
304.6,-7.113918774
304.8,-8.117298863
305,-8.815958975
305.2,-9.181709284
305.4,-9.199932115
305.6,-8.870140794
305.8,-8.101150262
306,-6.992038155
306.2,-5.616553363
306.4,-4.014279702
306.6,-2.34881316
306.8,-0.631018425
307,1.110666086
307.2,2.803578903
307.4,4.377491572
307.6,5.767436693
307.8,6.916314655
308,7.777153452
308.2,8.248844057
308.4,8.313458902
308.6,8.020574509
308.8,7.367753179
309,6.458987475
309.2,5.336519024
309.4,3.964373681
309.6,2.399989779
309.8,0.708405374
310,-1.040315091
310.2,-2.773943266
310.4,-4.421077119
310.6,-5.91409728
310.8,-7.19193927
311,-8.202554316
311.2,-8.904961982
311.4,-9.27082965
311.6,-9.285541316
311.8,-8.948756205
312,-8.169571671
312.2,-7.047464639
312.4,-5.656708755
312.6,-4.037509289
312.8,-2.354166965
313,-0.618305144
313.2,1.140890587
313.4,2.850036726
313.6,4.438239225
313.8,5.839949639
314,6.997595111
314.2,7.863855716
314.4,8.337410643
314.6,8.400268288
314.8,8.102089849
315,7.440665538
315.2,6.520348134
315.4,5.38383968
315.6,3.99573729
315.8,2.414134037
316,0.704776505
316.2,-1.061538782
316.4,-2.811859781
316.6,-4.474100785
316.8,-5.980028075
317,-7.268057337
317.2,-8.285734443
317.4,-8.991802298
317.6,-9.357788944
317.8,-9.369079862
318,-9.025476374
318.2,-8.236351044
318.4,-7.101570016
318.6,-5.695918587
318.8,-4.060208085
319,-2.359426643
319.2,-0.605937744
319.4,1.170344058
319.6,2.895330798
319.8,4.497479025
320,5.910673398
320.2,7.076879332
320.4,7.948437396
320.6,8.42382001
320.8,8.484972809
321,8.181639204
321.2,7.511831276
321.4,6.580252708
321.6,5.430054229
321.8,4.026389843
322,2.427991075
322.2,0.701295563
322.4,-1.08218602
322.6,-2.848795576
322.8,-4.525780343
323,-6.044307143
323.2,-7.342284394
323.4,-8.366862323
323.6,-9.076513667
323.8,-9.442630145
324,-9.450598163
324.2,-9.100357044
324.4,-8.301547143
324.6,-7.154413637
324.8,-5.734240339
325,-4.082429319
325.2,-2.364638965
325.4,-0.593954601
325.6,1.198998102
325.8,2.939443865
326,4.555205562
326.2,5.979614602
326.4,7.154185677
326.6,8.030927784
326.8,8.508111122
327,8.567619439
327.2,8.259275574
327.4,7.581307199
327.6,6.638759448
327.8,5.475219957
328,4.056385302
328.2,2.441609305
328.4,0.698003418
328.6,-1.102225156
328.8,-2.884729525
329,-4.576106046
329.2,-6.106936501
329.4,-7.414634103
329.6,-8.445962669
329.8,-9.159130791
330,-9.52539647
330.2,-9.530146134
330.4,-9.173452736
330.6,-8.36521683
330.8,-7.20605235
331,-5.771728496
331.2,-4.104222852
331.4,-2.369847102
331.6,-0.582390416
331.8,1.226827925
332,2.982362058
332.2,4.611416448
332.4,6.046782417
332.6,7.229534458
332.8,8.111357452
333,8.590323507
333.2,8.648254976
333.4,8.335051054
333.6,7.649148523
333.8,6.695924395
334,5.51939142
334.2,4.085774484
334.4,2.455033715
334.6,0.694937377
334.8,-1.121628101
335,-2.919643906
335.2,-4.625071257
335.4,-6.167920849
335.6,-7.485122283
335.8,-8.523061725
336,-9.239689222
336.2,-9.606131275
336.4,-9.607773114
336.6,-9.244816718
336.8,-8.427415088
337,-7.256540579
337.2,-5.80843467
337.4,-4.12563535
337.6,-2.375090836
337.8,-0.57127644
338,1.253812091
338.2,3.024074635
338.4,4.666112063
338.6,6.112188308
338.8,7.302947716
339,8.189758067
339.2,8.670497105
339.4,8.726925941
339.6,8.409016788
339.8,7.715408875
340,6.751801436
340.2,5.562620536
340.4,4.114605204
340.6,2.468306049
340.8,0.692131392
341,-1.140370086
341.2,-2.953524148
341.4,-4.672672192
341.6,-6.227267328
341.8,-7.553766676
342,-8.598187071
342.2,-9.318225201
342.4,-9.684877934
342.6,-9.683527794
342.8,-9.314500966
343,-8.45309593
343.2,-7.272052515
343.4,-5.809126221
343.6,-4.10088714
343.8,-2.37704483
344,-0.556072803
344.2,1.285324187
344.4,3.070451174
344.6,4.725346604
344.8,6.181780563
345,7.379999071
345.2,8.271085862
345.4,8.752762861
345.6,8.806768072
345.8,8.48318101
346,7.780885479
346.2,6.805945169
346.4,5.603239898
346.6,4.140058461
346.8,2.477573378
347,0.684858774
347.2,-1.163855572
347.4,-2.992228939
347.6,-4.724980133
347.8,-6.291010268
348,-7.626317561
348.2,-8.676570352
348.4,-9.399239034
348.6,-9.765222943
348.8,-9.759937712
349,-9.383872079
349.2,-8.512605051
349.4,-7.319264383
349.6,-5.842103024
349.8,-4.11827021
350,-2.378132507
350.2,-0.540848399
350.4,1.316203117
350.6,3.115682113
350.8,4.783039582
351,6.249540426
351.2,7.45502771
351.4,8.350298966
351.6,8.832915058
351.8,8.884587858
352,8.555503756
352.2,7.844781099
352.4,6.858834948
352.6,5.642982818
352.8,4.165047864
353,2.486807689
353.2,0.67798458
353.4,-1.186528278
353.6,-3.029740676
353.8,-4.7757644
354,-6.352962049
354.2,-7.696883789
354.4,-8.752857236
354.6,-9.478130902
354.8,-9.843507481
355,-9.834433083
355.2,-9.451552947
355.4,-8.570717539
355.6,-7.365430825
355.8,-5.874428825
356,-4.135423744
356.2,-2.379421334
356.4,-0.526246928
356.6,1.346063664
356.8,3.159541867
357,4.839065723
357.2,6.315407034
357.4,7.528015101
357.6,8.427407174
357.8,8.910985525
358,8.960434634
358.2,8.626043006
358.4,7.907155451
358.6,6.910527382
358.8,5.681901007
359,4.189618583
359.2,2.496046067
359.4,0.671536493
359.6,-1.208370937
359.8,-3.066053132
360,-4.825029998
360.2,-6.413138658
360.4,-7.765491621
360.6,-8.827083134
360.8,-9.554943865
361,-9.919780447
361.2,-9.907066603
361.4,-9.517597872
361.6,-8.627487051
361.8,-7.410602634
362,-5.906149453
362.2,-4.152386711
362.4,-2.380941806
362.6,-0.512289158
362.8,1.374895643
363,3.202031245
363.2,4.893436777
363.4,6.379402571
363.6,7.598992905
363.8,8.502450285
364,8.987020513
364.2,9.034359158
364.4,8.6948519
364.6,7.968061847
364.8,6.961073756
365,5.72004161
365.2,4.213811684
365.4,2.505321813
365.6,0.66553868
365.8,-1.2293695
366,-3.10116295
366.2,-4.872784387
366.4,-6.471558041
366.6,-7.832168722
366.8,-8.89928426
367,-9.629721157
367.2,-9.994090285
367.4,-9.977889907
367.6,-9.582059536
367.8,-8.682965137
368,-7.454828097
368.2,-5.937307935
368.4,-4.169195091
368.6,-2.382721373
368.8,-0.498992876
369,1.402691659
369.2,3.243153537
369.4,4.946166565
369.6,6.441550792
369.8,7.667993804
370,8.575468515
370.2,9.06106608
370.4,9.10641139
370.6,8.761982213
370.8,8.027551729
371,7.010523056
371.2,5.757449142
371.4,4.237665379
371.6,2.514665272
371.8,0.660012373
372,-1.249512718
372.2,-3.135069316
372.4,-4.919037209
372.6,-6.528239878
372.8,-7.896943976
373,-8.969497477
373.2,-9.702506072
373.4,-10.06648491
373.6,-10.04695353
373.8,-9.644989005
374,-8.737201278
374.2,-7.498153066
374.4,-5.967944596
374.6,-4.185882011
374.8,-2.384784595
375,-0.486373065
375.2,1.429446917
375.4,3.282914323
375.6,4.997270799
375.8,6.501876865
376,7.735051348
376.2,8.646502381
376.4,9.133168002
376.6,9.176640444
376.8,8.827484346
377,8.085674696
377.2,7.058922033
377.4,5.794165582
377.6,4.261215156
377.8,2.524103981
378,0.654976031
378.2,-1.268791963
378.4,-3.16777378
378.6,-4.963800114
378.8,-6.58320542
379,-7.959847334
379.2,-9.037760174
379.4,-9.773341868
379.6,-10.13701164
379.8,-10.11430689
380,-9.706435731
380.2,-8.790242927
380.4,-7.540621033
380.6,-5.998097168
380.8,-4.202477881
381,-2.387153299
381.2,-0.474442073
381.4,1.455159048
381.6,3.321321302
381.8,5.046766908
382,6.560407206
382.2,7.800199823
382.4,8.715592591
382.6,9.203371694
382.8,9.245094538
383,8.891407314
383.2,8.142478527
383.4,7.106315263
383.6,5.830230474
383.8,4.284493898
384,2.533662815
384.2,0.650445505
384.4,-1.287201055
384.6,-3.199280077
384.8,-5.007086586
385,-6.636477327
385.2,-8.020909671
385.4,-9.104110146
385.6,-9.842271672
385.8,-10.20571713
386,-10.17999823
386.2,-9.766447571
386.4,-8.84213556
386.6,-7.582273214
386.8,-6.027800901
387,-4.219010523
387.2,-2.389846734
387.4,-0.463209787
387.6,1.479827932
387.8,3.358384114
388,5.094673874
388.2,6.617169337
388.4,7.863474124
388.6,8.782779943
388.8,9.271722144
389,9.311820967
389.2,8.953798746
389.4,8.198009217
389.6,7.152745215
389.8,5.865681013
390,4.307532004
390.2,2.543364134
390.4,0.646434198
390.6,-1.304736093
390.8,-3.22959396
391,-5.04891178
391.2,-6.688079512
391.4,-8.080162656
391.6,-9.168585483
391.8,-9.909338407
392,-10.27264735
392.2,-10.24407466
392.4,-9.825070799
392.6,-8.892922722
392.8,-7.623148626
393,-6.057088675
393.2,-4.235505313
393.4,-2.392881721
393.6,-0.452683786
393.8,1.503455536
394,3.394114176
394.2,5.141012083
394.4,6.672191744
394.6,7.924909638
394.8,8.848105233
395,9.338263847
395.2,9.376866064
395.4,9.014704889
395.6,8.252311014
395.8,7.198252319
396,5.900552151
396.2,4.330357515
396.4,2.553227916
396.6,0.642953213
396.8,-1.321395296
397,-3.258723036
397.2,-5.089292366
397.4,-6.738037006
397.6,-8.137638623
397.8,-9.231224472
398,-9.974584708
398.2,-10.3378475
398.4,-10.30658207
398.6,-9.882350132
398.8,-8.942646086
399,-7.663284177
399.2,-6.085991101
399.4,-4.251985299
399.6,-2.396272798
399.8,-0.442869501
400,1.526045751
400.2,3.428524533
400.4,5.185803173
400.6,6.725503748
400.8,7.984542131
401,8.911609173
401.2,9.403040755
401.4,9.440275184
401.6,9.074170616
401.8,8.305426456
402,7.242875031
402.2,5.934876686
402.4,4.352996226
402.6,2.5632719
402.8,0.64001151
403,-1.337178849
403.2,-3.286676616
403.4,-5.128246382
403.6,-6.786375816
403.8,-8.193370461
404,-9.292065503
404.2,-10.03805287
404.4,-10.40136203
404.6,-10.36756522
404.8,-9.938328752
405,-8.991345503
405.2,-7.70271474
405.4,-6.114536635
405.6,-4.268471337
405.8,-2.400032359
406,-0.433770363
406.2,1.547604243
406.4,3.461629702
406.6,5.229069901
406.8,6.777135383
407,8.042407653
407.2,8.973332314
407.4,9.466096223
407.6,9.50209268
407.8,9.132239438
408,8.357396414
408.2,7.286649908
408.4,5.968685359
408.6,4.375471804
408.8,2.573511715
409,0.637616038
409.2,-1.352088756
409.4,-3.313465564
409.6,-5.165793098
409.8,-6.833122805
410,-8.247391501
410.2,-9.351146985
410.4,-10.09978477
410.6,-10.46323455
410.8,-10.42706764
411,-9.993048336
411.2,-9.039059061
411.4,-7.741473241
411.6,-6.142751679
411.8,-4.284982211
412,-2.404170796
412.2,-0.425387947
412.4,1.568138309
412.6,3.493445538
412.8,5.270836008
413,6.827117281
413.2,8.098542439
413.4,9.033314977
413.6,9.527472972
413.8,9.562361891
414,9.188953516
414.2,8.408260138
414.4,7.329611673
414.6,6.002006949
414.8,4.397805905
415,2.583961005
415.2,0.635771882
415.4,-1.366128696
415.6,-3.339102164
415.8,-5.201952881
416,-6.878305572
416.2,-8.299735419
416.4,-9.408507265
416.6,-10.15982183
416.8,-10.52350784
417,-10.4851317
417.2,-10.04654909
417.4,-9.085823143
417.6,-7.77959074
417.8,-6.170660684
418,-4.30153475
418.2,-2.408696622
418.4,-0.417722109
418.6,1.587656738
418.8,3.523989098
419,5.311126105
419.2,6.875480568
419.4,8.152982826
419.6,9.091597189
419.8,9.587213049
420,9.621125136
420.2,9.244353688
420.4,8.458055299
420.6,7.371793293
420.8,6.034868363
421,4.420018277
421.2,2.594631558
421.4,0.634482389
421.6,-1.379303891
421.8,-3.363599983
422,-5.236747074
422.2,-6.921952342
422.4,-8.350436143
422.6,-9.464184561
422.8,-10.21820498
423,-10.58222382
423.2,-10.54179859
423.4,-10.09886977
423.6,-9.131672484
423.8,-7.81709651
424,-6.198286253
424.2,-4.318143947
424.4,-2.413616604
424.6,-0.410771116
424.8,1.606169677
425,3.55327852
425.2,5.34996555
425.4,6.922256764
425.6,8.205765173
425.8,9.148218631
426,9.645357801
426.2,9.678423706
426.4,9.298479482
426.6,8.506818037
426.8,7.41322604
427,6.067294727
427.2,4.442126875
427.4,2.605533422
427.6,0.633749296
427.8,-1.391620979
428,-3.386973749
428.2,-5.270197877
428.4,-6.964091862
428.6,-8.399527769
428.8,-9.518216896
429,-10.27497459
429.2,-10.63942354
429.4,-10.59710833
429.6,-10.15004773
429.8,-9.176640232
430,-7.854018121
430.2,-6.225649236
430.4,-4.334823067
430.6,-2.418935879
430.8,-0.404531774
431,1.623688514
431.2,3.581332899
431.4,5.387380349
431.6,6.967477691
431.8,8.256925792
432,9.203218584
432.2,9.701947841
432.4,9.734297865
432.6,9.351369147
432.8,8.554583011
433,7.453939568
433.2,6.099309476
433.4,4.464147956
433.6,2.61667502
433.8,0.633572851
434,-1.403087889
434.2,-3.409239232
434.4,-5.302328243
434.6,-7.004753305
434.8,-8.447044477
435,-9.570642039
435.2,-10.33017043
435.4,-10.69514716
435.6,-10.65109981
435.8,-10.16732682
436,-9.186157292
436.2,-7.856392465
436.4,-6.216608691
436.6,-4.349698835
436.8,-2.420899765
437,-0.394166948
437.2,1.645763495
437.4,3.614085027
437.6,5.42938079
437.8,7.01694809
438,8.311804743
438.2,9.26124183
438.4,9.760738939
438.6,9.791460783
438.8,9.404579469
439,8.601686349
439.2,7.493036936
439.4,6.128821655
439.6,4.482884245
439.8,2.623885893
440,0.628982584
440.2,-1.419269131
440.4,-3.436324963
440.6,-5.339186434
440.8,-7.049856424
441,-8.498535592
441.2,-9.626413099
441.4,-10.38794868
441.6,-10.75258597
441.8,-10.70587079
442,-10.21721113
442.2,-9.229127627
442.4,-7.890694019
442.6,-6.240835982
442.8,-4.362856319
443,-2.422460985
443.2,-0.384088856
443.4,1.66704288
443.6,3.64566647
443.8,5.469944112
444,7.06481023
444.2,8.364992014
444.4,9.317572325
444.6,9.817910674
444.8,9.847146549
445,9.45652086
445.2,8.647784264
445.4,7.531434875
445.6,6.157968092
445.8,4.501602605
446,2.63142661
446.2,0.625055675
446.4,-1.434481422
446.6,-3.462176559
446.8,-5.374596493
447,-7.093357209
447.2,-8.548336076
447.4,-9.680474525
447.6,-10.44406817
447.8,-10.80848454
448,-10.7592828
448.2,-10.26597308
448.4,-9.271258114
448.6,-7.924472837
448.8,-6.264879261
449,-4.376176173
449.2,-2.424523862
449.4,-0.374830441
449.6,1.687218953
449.8,3.675907003
450,5.508984633
450.2,7.111030692
450.4,8.416486415
450.6,9.372228333
450.8,9.873494957
451,9.901396667
451.2,9.50723675
451.4,8.692916378
451.6,7.569165495
451.8,6.18677257
452,4.520317967
452.2,2.639302938
452.4,0.621788681
452.6,-1.448737146
452.8,-3.486814754
453,-5.408586595
453.2,-7.135290079
453.4,-8.596485146
453.6,-9.732868696
453.8,-10.49857267
454,-10.86288624
454.2,-10.81137701
454.4,-10.31364992
454.6,-9.312580596
454.8,-7.957754018
455,-6.288755839
455.2,-4.389667213
455.4,-2.427088354
455.6,-0.366382818
455.8,1.70630907
456,3.70483172
456.2,5.546534134
456.4,7.155646618
456.6,8.4663289
456.8,9.425252915
457,9.927535167
457.2,9.954253039
457.4,9.556765836
457.6,8.737116601
457.8,7.606256534
458,6.21525553
458.2,4.539042639
458.4,2.647518555
458.6,0.619176511
458.8,-1.462049946
459,-3.510261172
459.2,-5.441185441
459.4,-7.175689618
459.6,-8.643021831
459.8,-9.783637468
460,-10.55150513
460.2,-10.91583333
460.4,-10.86219328
460.6,-10.36027747
460.8,-9.35312534
461,-7.990561049
461.2,-6.312481454
461.4,-4.403336771
461.6,-2.430153091
461.8,-0.358735983
462,1.724331443
462.2,3.73246628
462.4,5.582624647
462.6,7.198695072
462.8,8.514560023
463,9.47668843
463.2,9.980073707
463.4,10.00575636
463.6,9.60514543
463.8,8.780417332
464,7.642734165
464.2,6.243435847
464.4,4.557787434
464.6,2.656075778
464.8,0.617212897
465,-1.474434405
465.2,-3.5325381
465.4,-5.472422095
465.6,-7.214590458
465.8,-8.687984894
466,-9.832822128
466.2,-10.60290767
466.4,-10.96736702
466.6,-10.91177017
466.8,-10.40589009
467,-9.392921104
467.2,-8.022915884
467.4,-6.336070352
467.6,-4.417190791
467.8,-2.433715483
468,-0.351878924
468.2,1.741305041
468.4,3.758836811
468.6,5.617288368
468.8,7.240212978
469,8.561219895
469.2,9.526576508
469.4,10.031152
469.6,10.05594613
469.8,9.652411495
470,8.822849524
470.2,7.678623067
470.4,6.271330927
470.6,4.576561775
470.8,2.664975669
471,0.615890507
471.2,-1.485905939
471.4,-3.553668392
471.6,-5.502325897
471.8,-7.252027206
472,-8.731412774
472.2,-9.880463356
472.4,-10.65282152
472.6,-11.01752738
472.8,-10.96014499
473,-10.45052077
473.2,-9.431995198
473.4,-8.054839031
473.6,-6.359535386
473.8,-4.43123394
474,-2.437771818
474.2,-0.34579972
474.4,1.75724949
474.6,3.783969823
474.8,5.650557584
475,7.280237053
475.2,8.606348137
475.4,9.574958027
475.6,10.11325272
475.8,10.13712278
476,9.733243191
476.2,8.903691443
476.4,7.714443556
476.6,6.301503159
476.8,4.599570661
477,2.679714632
477.2,0.621661725
477.4,-1.489388949
477.6,-3.566285591
477.8,-5.523567305
478,-7.281022694
478.2,-8.766974523
478.4,-9.921139104
478.6,-10.69695616
478.8,-11.06333037
479,-11.00576123
479.2,-10.49410313
479.4,-9.471774323
479.6,-8.089193134
479.8,-6.387058481
480,-4.450795778
480.2,-2.448578194
480.4,-0.347420858
480.6,1.764863284
480.8,3.80048709
481,5.675281714
481.2,7.312138039
481.4,8.644107795
481.6,9.617025837
481.8,10.15790897
482,10.18254753
482.2,9.777590875
482.4,8.945165543
482.6,7.751368625
482.8,6.332384872
483,4.623157312
483.2,2.695052417
483.4,0.628135625
483.6,-1.492028814
483.8,-3.577913897
484,-5.543690322
484.2,-7.308801297
484.4,-8.801261613
484.6,-9.960528915
484.8,-10.73984259
485,-11.10797156
485.2,-11.05034806
485.4,-10.53682961
485.6,-9.510905853
485.8,-8.123134197
486,-6.414419893
486.2,-4.470453745
486.4,-2.459734073
486.6,-0.349630079
486.8,1.771675082
487,3.8160219
487.2,5.698883711
487.4,7.342823591
487.6,8.680608744
487.8,9.65784329
488,10.20137437
488.2,10.2268895
488.4,9.821007774
488.6,8.985898494
488.8,7.78777193
489,6.362985173
489.2,4.646714123
489.4,2.710612798
489.6,0.635075018
489.8,-1.493979835
490,-3.588658704
490.2,-5.562771795
490.4,-7.33542326
490.6,-8.834324456
490.8,-9.998676939
491,-10.78152031
491.2,-11.15148632
491.4,-11.09393655
491.6,-10.57872638
491.8,-9.549410248
492,-8.156676495
492.2,-6.441627384
492.4,-4.490209033
492.6,-2.471234199
492.8,-0.352415838
493,1.777702266
493.2,3.830596772
493.4,5.721390306
493.6,7.372323551
493.8,8.715882703
494,9.697442673
494.2,10.24368045
494.4,10.27017813
494.6,9.863520083
494.8,9.025912153
495,7.823670106
495.2,6.393314795
495.4,4.670245497
495.6,2.726393677
495.8,0.642471395
496,-1.49525657
496.2,-3.598540014
496.4,-5.580836338
496.6,-7.360916794
496.8,-8.866193691
497,-10.03561498
497.2,-10.82202101
497.4,-11.19390488
497.6,-11.13655421
497.8,-10.61981718
498,-9.587306442
498.2,-8.189833391
498.4,-6.468688195
498.6,-4.510062457
498.8,-2.483072935
499,-0.355766291
499.2,1.782962396
499.4,3.844234242
499.6,5.742828075
499.8,7.40066743
500,8.7499609
500.2,9.735855636
500.4,10.28485799
500.6,10.31244205
500.8,9.905153094
501,9.065227457
501.2,7.859078884
501.4,6.423383631
501.6,4.693755086
501.8,2.742392324
502,0.650315767
502.2,-1.495873891
502.4,-3.607577964
502.6,-5.597908516
502.8,-7.385309872
503,-8.89689955
503.2,-10.07137429
503.4,-10.86137564
503.6,-11.23525666
503.8,-11.17822773
504,-10.66012484
504.2,-9.624612477
504.4,-8.2226174
504.6,-6.495608791
504.8,-4.530014168
505,-2.495244115
505.2,-0.359669218
505.4,1.787473227
505.6,3.856956864
505.8,5.76322343
506,7.427884406
506.2,8.782874064
506.4,9.773113195
506.6,10.32493699
506.8,10.35370904
507,9.945931227
507.2,9.10386446
507.4,7.894013146
507.6,6.453200785
507.8,4.71724585
508,2.75860544
508.2,0.658598719
508.4,-1.495846932
508.6,-3.615792772
508.8,-5.614012796
509,-7.408630202
509.2,-8.926471835
509.4,-10.10598553
509.6,-10.89961448
509.8,-11.2755703
510,-11.21898294
510.2,-10.6996713
510.4,-9.661345546
510.6,-8.255040231
510.8,-6.522394918
511,-4.550063707
511.2,-2.507741102
511.4,-0.364112087
511.6,1.791252664
511.8,3.868787165
512,5.782602586
512.2,7.45400329
512.4,8.814652414
512.6,9.809245726
512.8,10.36394673
513,10.39400609
513.2,9.985878059
513.4,9.141842378
513.6,7.928486963
513.8,6.482774619
514,4.740720106
514.2,2.775029211
514.4,0.667310471
514.6,-1.49519103
514.8,-3.623204697
515,-5.629173517
515.2,-7.430905195
515.4,-8.954939899
515.6,-10.13947879
515.8,-10.93676712
516,-11.31487367
516.2,-11.25884484
516.4,-10.73847772
516.6,-9.697522032
516.8,-8.287112844
517,-6.549051653
517.2,-4.570210059
517.4,-2.520556837
517.6,-0.369082095
517.8,1.794318714
518,3.879747606
518.2,5.800991523
518.4,7.479052507
518.6,8.845325643
518.8,9.844282962
519,10.40191578
519.2,10.43335939
519.4,10.02501635
519.6,9.179179618
519.8,7.962513648
520,6.512112809
520.2,4.764179585
520.4,2.791659357
520.6,0.676440919
520.8,-1.493921688
521,-3.629833996
521.2,-5.64341485
521.4,-7.452161939
521.6,-8.982332629
521.8,-10.17188356
522,-10.97286247
522.2,-11.3531939
522.4,-11.29783767
522.6,-10.77656441
522.8,-9.733157549
523,-8.318845486
523.2,-6.575583454
523.4,-4.590451706
523.6,-2.533683894
523.8,-0.374566224
524,1.79668944
524.2,3.889860544
524.4,5.818415963
524.6,7.503060075
524.8,8.874922908
525,9.878253996
525.2,10.43887195
525.4,10.47179436
525.6,10.06336809
525.8,9.21589382
526,7.996105788
526.2,6.541222384
526.4,4.787625475
526.6,2.808491188
526.8,0.685979691
527,-1.492054525
527.2,-3.635700883
527.4,-5.656760768
527.6,-7.472427174
527.8,-9.008678435
528,-10.20322877
528.2,-11.00792873
528.4,-11.39055734
528.6,-11.33598488
528.8,-10.81395096
529,-9.768266981
529.2,-8.350247737
529.4,-6.601994203
529.6,-4.610786667
529.8,-2.547114522
530,-0.38055128
530.2,1.798382929
530.4,3.8991482
530.6,5.834901339
530.8,7.526053588
531,8.90347282
531.2,9.911187281
531.4,10.47484237
531.6,10.50933567
531.8,10.10095449
532,9.252001888
532.2,8.029275288
532.4,6.570109772
532.6,4.811058469
532.8,2.825519639
533,0.695916185
533.2,-1.489605238
533.4,-3.640825498
533.6,-5.66923502
533.8,-7.491727277
534,-9.034005233
534.2,-10.23354271
534.4,-11.04199347
534.6,-11.42698967
534.8,-11.37330917
535,-10.8506562
535.2,-9.802864515
535.4,-8.381328553
535.6,-6.62828725
535.8,-4.631212553
536,-2.560840691
536.2,-0.387023934
536.4,1.799417248
536.6,3.907632629
536.8,5.850472776
537,7.548060199
537.2,8.931003444
537.4,9.94311063
537.6,10.50985345
537.8,10.54600728
538,10.13779604
538.2,9.287520024
538.4,8.062033412
538.6,6.59878084
538.8,4.834478809
539,2.842739323
539.2,0.706239612
539.4,-1.486589564
539.6,-3.645227872
539.8,-5.6808611
540,-7.510088238
540.2,-9.05834044
540.4,-10.26285311
540.6,-11.07508355
540.8,-11.46251582
541,-11.40983252
541.2,-10.88669825
541.4,-9.836963678
541.6,-8.412096301
541.8,-6.654465459
542,-4.651726599
542.2,-2.574854132
542.4,-0.393970762
542.6,1.799810413
542.8,3.91533569
543,5.865155067
543.2,7.56910661
543.4,8.957542285
543.6,9.974051222
543.8,10.54393094
544,10.5818324
544.2,10.17391253
544.4,9.322463758
544.6,8.094390812
544.8,6.627240938
545,4.857886323
545.2,2.860144563
545.4,0.716939034
545.6,-1.483023248
545.8,-3.648927901
546,-5.691662233
546.2,-7.52753565
546.4,-9.081710964
546.6,-10.29118709
546.8,-11.10722519
547,-11.49716003
547.2,-11.44557623
547.4,-10.92209456
547.6,-9.870577371
547.8,-8.442558799
548,-6.680531239
548.2,-4.672325709
548.4,-2.589146374
548.6,-0.401378278
548.8,1.799580362
549,3.922279021
549.2,5.878972657
549.4,7.58921906
549.6,8.983116292
549.8,10.00403561
550,10.57709988
550.2,10.61683359
550.4,10.20932305
550.6,9.356847981
550.8,8.126357568
551,6.655494927
551.2,4.881280464
551.4,2.877729435
551.6,0.728003396
551.8,-1.478922008
552,-3.651945316
552.2,-5.701661344
552.4,-7.544094689
552.6,-9.104143195
552.8,-10.31857116
553,-11.13844397
553.2,-11.53094587
553.4,-11.48056089
553.6,-10.95686194
553.8,-9.903717898
554,-8.47272335
554.2,-6.706486587
554.4,-4.693006488
554.6,-2.60370878
554.8,-0.409232967
555,1.798744923
555.2,3.928484022
555.4,5.891949625
555.6,7.608423312
555.8,9.007751853
556,10.03308971
556.2,10.60938468
556.4,10.6510327
556.6,10.24404605
556.8,9.390686974
557,8.157943219
557.2,6.683547223
557.4,4.904660349
557.6,2.895487796
557.8,0.739421562
558,-1.474301511
558.2,-3.654299662
558.4,-5.710881049
558.6,-7.559790109
558.8,-9.125663008
559,-10.34503126
559.2,-11.16876481
559.4,-11.56389626
559.6,-11.51480645
559.8,-10.99101656
560,-9.936397001
560.2,-8.502596773
560.4,-6.73233312
560.6,-4.713765281
560.8,-2.61853258
561,-0.417521313
561.2,1.79732179
561.4,3.933971828
561.6,5.904109673
561.8,7.626744654
562,9.031474796
562.2,10.06123883
562.4,10.64080908
562.6,10.68445096
562.8,10.27809936
563,9.423994436
563.2,8.189156795
563.4,6.711401823
563.6,4.928024785
563.8,2.913413325
564,0.751182345
564.2,-1.469177343
564.4,-3.656010276
564.6,-5.719343635
564.8,-7.574646226
565,-9.146295752
565.2,-10.37059274
565.4,-11.19821202
565.6,-11.59603346
565.8,-11.54833223
566,-11.02457401
566.2,-9.968625886
566.4,-8.532185437
566.6,-6.758072104
566.8,-4.734598202
567,-2.633608899
567.2,-0.426229828
567.4,1.7953285
567.6,3.938763296
567.8,5.91547611
568,7.644207886
568.2,9.054310388
568.4,10.08850768
568.6,10.67139619
568.8,10.71710895
569,10.31150018
569.2,9.456783509
569.4,8.220006845
569.6,6.739062342
569.8,4.951372309
570,2.931499544
570.2,0.76327453
570.4,-1.463564987
570.6,-3.657096265
570.8,-5.727071046
571,-7.588686917
571.2,-9.16606625
571.4,-10.39528034
571.6,-11.22680926
571.8,-11.62737908
572,-11.58115693
572.2,-11.05754928
572.4,-10.00041525
572.6,-8.561495292
572.8,-6.783704492
573,-4.755501163
573.2,-2.648928786
573.4,-0.435345074
573.6,1.792782414
573.8,3.942878988
574,5.926071847
574.2,7.660837317
574.4,9.07628334
574.6,10.11492034
574.8,10.70116849
575,10.74902661
575.2,10.34426514
575.4,9.48906681
575.6,8.250501468
575.8,6.766532036
576,4.974701209
576.2,2.949739851
576.4,0.775686903
576.6,-1.4574798
576.8,-3.657576494
577,-5.73408487
577.2,-7.601935606
577.4,-9.184998804
577.6,-10.41911825
577.8,-11.25457962
578,-11.65795416
578.2,-11.61329866
578.4,-11.08995684
578.6,-10.03177532
578.8,-8.590531892
579,-6.809230944
579.2,-4.776469903
579.4,-2.66448324
579.6,-0.44485369
579.8,1.789700698
580,3.946339154
580.2,5.935919382
580.4,7.676656766
580.6,9.097417807
580.8,10.14050031
581,10.73014788
581.2,10.78022333
581.4,10.3764103
581.6,9.520856449
581.8,8.280648338
582,6.793813834
582.2,4.998009556
582.4,2.968127547
582.6,0.788408274
582.8,-1.450936996
583,-3.657469566
583.2,-5.740406334
583.4,-7.614415265
583.6,-9.203117188
583.8,-10.44213008
584,-11.28154555
584.2,-11.68777911
584.4,-11.64477495
584.6,-11.12181063
584.8,-10.06271585
585,-8.619300426
585.2,-6.83465186
585.4,-4.797500015
585.6,-2.680263232
585.8,-0.454742408
586,1.786100302
586.2,3.949163727
586.4,5.9450408
586.6,7.691689556
586.8,9.117737391
587,10.16527051
587.2,10.75835562
587.4,10.81071788
587.6,10.40795118
587.8,9.552164056
588,8.310454728
588.2,6.820910366
588.4,5.021295228
588.6,2.986655852
588.8,0.801427496
589,-1.443951624
589.2,-3.656793811
589.4,-5.746056286
589.6,-7.626148407
589.8,-9.220444654
590,-10.46433885
590.2,-11.30772894
590.4,-11.71687376
590.6,-11.67560279
590.8,-11.15312407
591,-10.09324617
591.2,-8.647805743
591.4,-6.859967402
591.6,-4.818586966
591.8,-2.696259729
592,-0.464998073
592.2,1.781997951
592.4,3.951372305
592.6,5.953457761
592.8,7.705958516
593,9.137265149
593.2,10.18925328
593.4,10.78581243
593.6,10.84052849
593.8,10.43890279
594,9.583000807
594.2,8.339927539
594.4,6.847823978
594.6,5.044555935
594.8,3.005317938
595,0.814733486
595.2,-1.436538558
595.4,-3.655567273
595.6,-5.751055199
595.8,-7.637157086
596,-9.237003933
596.2,-10.48576706
596.4,-11.33315111
596.6,-11.7452574
596.8,-11.70579861
597,-11.18391012
597.2,-10.12337522
597.4,-8.676052373
597.6,-6.885177518
597.8,-4.839726122
598,-2.712463713
598.2,-0.475607662
598.4,1.777410131
598.6,3.952984148
598.8,5.9611915
599,7.71948598
599.2,9.156023596
599.4,10.21247037
599.6,10.81253844
599.8,10.86967283
600,10.46927962
600.2,9.613377438
600.4,8.369073317
600.6,6.874556767
600.8,5.067789238
601,3.024106938
601.2,0.828315242
601.4,-1.428712477
601.6,-3.6538077
601.8,-5.755423154
602,-7.647462893
602.2,-9.252817239
602.4,-10.50643662
602.6,-11.35783279
602.8,-11.77294872
603,-11.73537834
603.2,-11.21418126
603.4,-10.15311153
603.6,-8.704044552
603.8,-6.910281962
604,-4.860912768
604.2,-2.728866196
604.4,-0.486558296
604.6,1.772353073
604.8,3.954018165
605,5.968262824
605.2,7.732293791
605.4,9.17403471
605.6,10.23494302
605.8,10.83855323
606,10.89816806
606.2,10.49909569
606.4,9.643304275
606.6,8.397898279
606.8,6.901110592
607,5.090992571
607.2,3.043015973
607.4,0.84216186
607.6,-1.420487855
607.8,-3.651532536
608,-5.759179844
608.2,-7.657086957
608.4,-9.267906272
608.6,-10.52636892
608.8,-11.38179419
609,-11.79996593
609.2,-11.76435742
609.4,-11.24394955
609.6,-10.18246327
609.8,-8.73178624
610,-6.935280319
610.2,-4.882142126
610.4,-2.745458244
610.6,-0.497837255
610.8,1.766842748
611,3.954492915
611.2,5.974692107
611.4,7.744403299
611.6,9.191319942
611.8,10.25669188
612,10.86387583
612.2,10.9260308
612.4,10.52836457
612.6,9.672791246
612.8,8.426408329
613,6.927487101
613.2,5.11416326
613.4,3.062038165
613.6,0.856262546
613.8,-1.411878952
614,-3.648758913
614.2,-5.762344567
614.4,-7.666049947
614.6,-9.282292224
614.8,-10.54558482
615,-11.40505495
615.2,-11.82632667
615.4,-11.7927508
615.6,-11.27322662
615.8,-10.21143828
616,-8.759281145
616.2,-6.96017202
616.4,-4.903409373
616.6,-2.762230982
616.8,-0.509431992
617,1.760894856
617.2,3.954426595
617.4,5.980499291
617.6,7.755835369
617.8,9.207900219
618,10.2777371
618.2,10.88852477
618.4,10.9532772
618.6,10.55709935
618.8,9.701847905
619,8.454609084
619.2,6.953687746
619.4,5.137298543
619.6,3.081166652
619.8,0.87060663
620,-1.4028998
620.2,-3.645503645
620.4,-5.764936222
620.6,-7.674372072
620.8,-9.295995783
621,-10.56410462
621.2,-11.42763422
621.4,-11.85204812
621.6,-11.82057295
621.8,-11.30202368
622,-10.24004405
622.2,-8.786532736
622.4,-6.984956358
622.6,-4.924709657
622.8,-2.779175617
623,-0.521330139
623.2,1.754524818
623.4,3.953837041
623.6,5.985703886
623.8,7.76661038
624,9.223795953
624.2,10.29809827
624.4,10.91251805
624.6,10.97992292
624.8,10.58531273
625,9.730483449
625.2,8.482505885
625.4,6.979713803
625.6,5.16039558
625.8,3.100394606
626,0.88518358
626.2,-1.393564197
626.4,-3.641783222
626.6,-5.766973311
626.8,-7.682073082
627,-9.30903714
627.2,-10.58194815
627.4,-11.44955059
627.6,-11.87714692
627.8,-11.84783792
628,-11.33035156
628.2,-10.26828778
628.4,-8.813544267
628.6,-7.009632511
628.8,-4.946038111
629,-2.796283445
629.2,-0.533519522
629.4,1.747747773
629.6,3.952741722
629.8,5.990324972
630,7.776748232
630.2,9.239027048
630.4,10.31779449
630.6,10.93587316
630.8,11.00598315
631,10.61301698
631.2,9.758706734
631.4,8.510103818
631.6,7.005566386
631.8,5.183451473
632,3.11971524
632.2,0.899983006
632.4,-1.383885701
632.6,-3.637613808
632.8,-5.768473935
633,-7.689172273
633.2,-9.321435995
633.4,-10.59913469
633.6,-11.47082218
633.8,-11.90163926
634,-11.8745593
634.2,-11.35822075
634.4,-10.29617637
634.6,-8.840318787
634.8,-7.03419955
635,-4.967389867
635.2,-2.813545863
635.4,-0.545988165
635.6,1.740578567
635.8,3.951157741
636,5.994381197
636.2,7.786268354
636.4,9.253612911
636.6,10.33684435
636.8,10.95860711
637,11.03147264
637.2,10.64022397
637.4,9.786526291
637.6,8.53740773
637.8,7.031246464
638,5.206463279
638.2,3.139121827
638.4,0.914994678
638.6,-1.37387762
638.8,-3.633011236
639,-5.769455799
639.2,-7.69568849
639.4,-9.333211563
639.6,-10.61568306
639.8,-11.49146661
640,-11.92554087
640.2,-11.90075028
640.4,-11.38564134
640.6,-10.32371644
640.8,-8.866859159
641,-7.058656458
641.2,-4.988760067
641.4,-2.830954379
641.6,-0.558724299
641.8,1.733031756
642,3.949101833
642.2,5.997890783
642.4,7.795189701
642.6,9.267572455
642.8,10.35526594
643,10.98073645
643.2,11.05640569
643.4,10.66694521
643.6,9.813950344
643.8,8.564422243
644,7.056754875
644.2,5.229428023
644.4,3.158607702
644.6,0.930208526
644.8,-1.363553009
645,-3.627991006
645.2,-5.769936207
645.4,-7.701640133
645.6,-9.34438258
645.8,-10.63161155
646,-11.51150103
646.2,-11.94886702
646.4,-11.92642365
646.6,-11.41262312
646.8,-10.35091435
647,-8.893168073
647.2,-7.083002141
647.4,-5.010143877
647.6,-2.848500622
647.8,-0.571716368
648,1.725121596
648.2,3.946590364
648.4,6.000871528
648.6,7.803530769
648.8,9.280924113
649,10.37307689
649.2,11.00227726
649.4,11.08079619
649.6,10.69319182
649.8,9.840986824
650,8.591151769
650.2,7.082092339
650.4,5.252342706
650.6,3.17816628
650.8,0.94561465
651,-1.352924669
651.2,-3.622568286
651.4,-5.769932069
651.6,-7.707045156
651.8,-9.354967316
652,-10.646938
652.2,-11.53094209
652.4,-11.97163255
652.6,-11.95159179
652.8,-11.43917553
653,-10.37777623
653.2,-8.919248063
653.4,-7.107235441
653.6,-5.031536495
653.8,-2.866176349
654,-0.584953034
654.2,1.716862047
654.4,3.943639333
654.6,6.003340807
654.8,7.811309594
655,9.293685843
655.2,10.39029434
655.4,11.02324515
655.6,11.10465762
655.8,10.71897458
656,9.867643381
656.2,8.617600526
656.4,7.10725947
656.6,5.275204319
656.8,3.197791058
657,0.961203328
657.2,-1.342005136
657.4,-3.61675791
657.6,-5.769459901
657.8,-7.711921081
658,-9.364983575
658.2,-10.66167978
658.4,-11.54980603
658.6,-11.99385186
658.8,-11.97626673
659,-11.4653077
659.2,-10.40430795
659.4,-8.945101513
659.6,-7.131355143
659.8,-5.052933159
660,-2.883973451
660.2,-0.598423182
660.4,1.708266766
660.6,3.94026437
660.8,6.005315579
661,7.818543765
661.2,9.305875138
661.4,10.40693496
661.6,11.04365533
661.8,11.12800306
662,10.74430395
662.2,9.893927401
662.4,8.643772544
662.6,7.132256788
662.8,5.298009855
663,3.217475627
663.2,0.97696502
663.4,-1.330806685
663.6,-3.610574376
663.8,-5.768535827
664,-7.716284993
664.2,-9.374448708
664.4,-10.67585379
664.6,-11.56810861
664.8,-12.01553895
665,-12.00046012
665.2,-11.49102848
665.4,-10.43051519
665.6,-8.970730673
665.8,-7.155359994
666,-5.074329158
666.2,-2.901883961
666.4,-0.612115923
666.6,1.699349109
666.8,3.936480745
667,6.006812392
667.2,7.825250426
667.4,9.317509037
667.6,10.423015
667.8,11.06352257
668,11.15084522
668.2,10.76919004
668.4,9.919846016
668.6,8.669671685
668.8,7.15708473
669,5.320756311
669.2,3.237213677
669.4,0.99289037
669.6,-1.319341327
669.8,-3.60403185
670,-5.767175586
670.2,-7.720153555
670.4,-9.383379618
670.6,-10.68947649
670.8,-11.58586518
671,-12.03670742
671.2,-12.02418327
671.4,-11.51634643
671.6,-10.45640338
671.8,-8.99613767
672,-7.179248704
672.2,-5.09571984
672.4,-2.919900058
672.6,-0.626020597
672.8,1.69012213
673,3.932303362
673.2,6.007847385
673.4,7.831446283
673.6,9.32860413
673.8,10.43855024
674,11.08286121
674.2,11.17319642
674.4,10.79364265
674.6,9.945406117
674.8,8.695301649
675,7.181743658
675.2,5.343440703
675.4,3.256999002
675.6,1.008970212
675.8,-1.307620805
676,-3.597144168
676.2,-5.765394532
676.4,-7.72354301
676.6,-9.391792772
676.8,-10.7025639
677,-11.60309065
677.2,-12.05737049
677.4,-12.04744714
677.6,-11.54126982
677.8,-10.4819778
678,-9.021324519
678.2,-7.203019958
678.4,-5.117100615
678.6,-2.93801407
678.8,-0.640126773
679,1.680598582
679.2,3.927746766
679.4,6.008436293
679.6,7.837147617
679.8,9.33917657
680,10.45355606
680.2,11.10168522
680.4,11.19506863
680.6,10.81767131
680.8,9.970614365
681,8.720665985
681.2,7.20623387
681.4,5.366060069
681.6,3.276825506
681.8,1.025195573
682,-1.295656595
682.2,-3.589924833
682.4,-5.763207638
682.6,-7.726469186
682.8,-9.399704205
683,-10.71513161
683.2,-11.61979953
683.4,-12.077541
683.6,-12.0702624
683.8,-11.56580669
684,-10.50724351
684.2,-9.046293129
684.4,-7.226672423
684.6,-5.138466962
684.8,-2.956218482
685,-0.654424254
685.2,1.670790919
685.4,3.922825149
685.6,6.008594458
685.8,7.842370286
686,9.349242083
686.2,10.46804741
686.4,11.12000815
686.6,11.21647349
686.8,10.84128522
687,9.995477205
687.2,8.745768103
687.4,7.230555609
687.6,5.388611478
687.8,3.29668721
688,1.041557676
688.2,-1.283459909
688.4,-3.582387024
688.6,-5.760629506
688.8,-7.728947506
689,-9.407129533
689.2,-10.72719478
689.4,-11.63600593
689.6,-12.09723142
689.8,-12.09263937
690,-11.5899648
690.2,-10.53220541
690.4,-9.071045315
690.6,-7.250204759
690.8,-5.15981444
691,-2.974505935
691.2,-0.668903075
691.4,1.660711292
691.6,3.917552346
691.8,6.008336827
692,7.847129732
692.2,9.358815975
692.4,10.48203882
692.6,11.17151032
692.8,11.26948017
693,10.89827776
693.2,10.05786493
693.4,8.769692146
693.6,7.256696873
693.8,5.414852645
694,3.321755646
694.2,1.064305548
694.4,-1.264037543
694.6,-3.567127966
694.8,-5.750180575
695,-7.723745332
695.2,-9.407388414
695.4,-10.73290268
695.6,-11.6469287
695.8,-12.11292471
696,-12.1124675
696.2,-11.61312498
696.4,-10.55776102
696.6,-9.097959863
696.8,-7.277380358
697,-5.186136798
697.2,-2.998893282
697.4,-0.690352749
697.6,1.643079669
697.8,3.904459473
698,6.000313919
698.2,7.8444977
698.4,9.361674191
698.6,10.49026331
698.8,11.18476074
699,11.28721163
699.2,10.9197627
699.4,10.08222535
699.6,8.795933971
699.8,7.283750293
700,5.441613871
700.2,3.347130518
700.4,1.087255505
700.6,-1.244451245
700.8,-3.551704273
701,-5.739545175
701.2,-7.718325439
701.4,-9.407396797
701.6,-10.73833114
701.8,-11.65755051
702,-12.12830534
702.2,-12.13198247
702.4,-11.63598336
702.6,-10.58303824
702.8,-9.124630386
703,-7.304356034
703.2,-5.212311291
703.4,-3.023190684
703.6,-0.711774092
703.8,1.625413662
704,3.891271016
704.2,5.99213826
704.4,7.841662106
704.6,9.364286426
704.8,10.49820948
705,11.19771181
705.2,11.30463493
705.4,10.94094319
705.6,10.10629739
705.8,8.821915194
706,7.310581485
706.2,5.468200307
706.4,3.372385156
706.6,1.110144648
706.8,-1.224863941
707,-3.536217911
707.2,-5.72878813
707.4,-7.712730008
707.6,-9.407182992
707.8,-10.74349984
708,-11.66788558
708.2,-12.14338384
708.4,-12.15119216
708.6,-11.6585457
708.8,-10.6080407
709,-9.151058682
709.2,-7.331131976
709.4,-5.238336793
709.6,-3.047395935
709.8,-0.733163838
710,1.607717505
710.2,3.877992023
710.4,5.98381552
710.6,7.838629019
710.8,9.366658904
711,10.50588344
711.2,11.21036933
711.4,11.32175528
711.6,10.96182363
711.8,10.1300845
712,8.847638172
712.2,7.337191605
712.4,5.494611861
712.6,3.397518226
712.8,1.132970457
713,-1.20527923
713.2,-3.520673408
713.4,-5.71791471
713.6,-7.706964834
713.8,-9.406753083
714,-10.74841492
714.2,-11.67793982
714.4,-12.15816569
714.6,-12.17010137
714.8,-11.68081594
715,-10.63277131
715.2,-9.177246512
715.4,-7.357708725
715.6,-5.264212599
715.8,-3.071507116
716,-0.754518935
716.2,1.589995253
716.4,3.864627386
716.6,5.975351225
716.8,7.835404371
717,9.368797719
717.2,10.51329121
717.4,11.22273899
717.6,11.33857779
717.8,10.9824084
718,10.1535901
718.2,8.873105222
718.4,7.363581792
718.6,5.520848449
718.8,3.422528427
719,1.155730469
719.2,-1.185700634
719.4,-3.505075199
719.6,-5.70693008
719.8,-7.701035601
720,-9.406113038
720.2,-10.75308239
720.4,-11.68771903
720.6,-12.17265625
720.8,-12.18871484
721,-11.70279794
721.2,-10.65723296
721.4,-9.203195635
721.6,-7.384086846
721.8,-5.289938059
722,-3.095522387
722.2,-0.775836431
722.4,1.572250846
722.6,3.851181867
722.8,5.966750762
723,7.831993951
723.2,9.370708829
723.4,10.52043867
723.6,11.23482634
723.8,11.35510749
724,11.00270175
724.2,10.17681753
724.4,8.898318644
724.6,7.389753201
724.8,5.546910032
725,3.447414527
725.2,1.178422313
725.4,-1.166131566
725.6,-3.489427594
725.8,-5.695839269
726,-7.694947849
726.2,-9.405268685
726.4,-10.75750812
726.6,-11.69722892
726.8,-12.1868608
727,-12.20703718
727.2,-11.72449554
727.4,-10.68142848
727.6,-9.228907804
727.8,-7.410266928
728,-5.315512571
728.2,-3.119439981
728.4,-0.797113472
728.6,1.554488107
728.8,3.8376601
729,5.958019383
729.2,7.828403414
729.4,9.372398058
729.6,10.52733158
729.8,11.24663684
730,11.37134932
730.2,11.02270791
730.4,10.19977011
730.6,8.923280725
730.8,7.415706994
731,5.572796604
731.2,3.472175355
731.4,1.2010437
731.6,-1.146575333
731.8,-3.473734783
732,-5.684647177
732.2,-7.688706987
732.4,-9.404225718
732.6,-10.76169786
732.8,-11.70647504
733,-12.2007845
733.2,-12.22507295
733.4,-11.74591246
733.6,-10.70536063
733.8,-9.254384699
734,-7.436249494
734.2,-5.340935481
734.4,-3.143258097
734.6,-0.818347182
734.8,1.536710864
735,3.824066705
735.2,5.94916231
735.4,7.824638367
735.6,9.373871169
735.8,10.53397562
736,11.25817586
736.2,11.3873081
736.4,11.04243098
736.6,10.22245106
736.8,8.947993668
737,7.441444266
737.2,5.598508105
737.4,3.496809696
737.6,1.223592317
737.8,-1.127035254
738,-3.45800095
738.2,-5.673358681
738.4,-7.682318383
738.6,-9.402989778
738.8,-10.7656573
739,-11.7154629
739.2,-12.21443243
739.4,-12.24282661
739.6,-11.76705238
739.8,-10.72903215
740,-9.279627978
740.2,-7.462035074
740.4,-5.366206164
740.6,-3.166974981
740.8,-0.839534755
741,1.518922859
741.2,3.810406203
741.4,5.940184654
741.6,7.820704305
741.8,9.375133814
742,10.54037636
742.2,11.26944869
742.4,11.40298861
742.6,11.06187499
742.8,10.24486352
743,8.972459574
743.2,7.466966007
743.4,5.624044375
743.6,3.521316253
743.8,1.246065777
744,-1.107514699
744.2,-3.442230312
744.4,-5.661978668
744.6,-7.675787395
744.8,-9.401566475
745,-10.76939207
745.2,-11.72419792
745.4,-12.22780961
745.6,-12.26030256
745.8,-11.78791885
746,-10.75244564
746.2,-9.304639197
746.4,-7.487624094
746.6,-5.391323901
746.8,-3.190588801
747,-0.860673321
747.2,1.501127879
747.4,3.796683139
747.6,5.931091532
747.8,7.816606703
748,9.376191603
748.2,10.54653933
748.4,11.28046051
748.6,11.41839551
748.8,11.08104389
749,10.26701055
749.2,8.996680518
749.4,7.492273209
749.6,5.649405281
749.8,3.545693772
750,1.268461765
750.2,-1.088016955
750.4,-3.426426986
750.6,-5.650511916
750.8,-7.669119265
751,-9.399961302
751.2,-10.77290769
751.4,-11.73268543
751.6,-12.24092094
751.8,-12.27750507
752,-11.80851541
752.2,-10.77560369
752.4,-9.329419898
752.6,-7.513016996
752.8,-5.416288013
753,-3.214097783
753.2,-0.881760089
753.4,1.483329613
753.6,3.78290195
753.8,5.921887944
754,7.812350917
754.2,9.37705003
754.4,10.55246993
754.6,11.29121644
754.8,11.4335334
755,11.09994161
755.2,10.28889523
755.4,9.020658611
755.6,7.517366934
755.8,5.674590795
756,3.569941137
756.2,1.290778121
756.4,-1.068545128
756.6,-3.4105949
756.8,-5.638963013
757,-7.662319051
757.2,-9.398179579
757.4,-10.77620953
757.6,-11.74093062
757.8,-12.25377124
758,-12.29443839
758.2,-11.82884553
758.4,-10.79850889
758.6,-9.353971679
758.8,-7.53821431
759,-5.441097939
759.2,-3.237500302
759.4,-0.902792438
759.6,1.46553157
759.8,3.769066885
760,5.912578702
760.2,7.807942127
760.4,9.377714428
760.6,10.55817344
760.8,11.30172145
761,11.44840678
761.2,11.11857197
761.4,10.31052059
761.6,9.044395935
761.8,7.542248239
762,5.699600906
762.2,3.59405727
762.4,1.313012748
762.6,-1.049102252
762.8,-3.394737894
763,-5.627336445
763.2,-7.655391703
763.4,-9.396226516
763.6,-10.77930285
763.8,-11.74893859
764,-12.26636522
764.2,-12.31110669
764.4,-11.84891264
764.6,-10.8211638
764.8,-9.37829612
765,-7.563216571
765.2,-5.465753147
765.4,-3.260794782
765.6,-0.923767813
765.8,1.447737177
766,3.755182097
766.2,5.903168515
766.4,7.803385402
766.6,9.378190022
766.8,10.56365501
767,11.31198046
767.2,11.46302008
767.4,11.13693876
767.6,10.3318896
767.8,9.06789455
768,7.566918178
768.2,5.724435622
768.4,3.618041132
768.6,1.335163604
768.8,-1.029691283
769,-3.378859719
769.2,-5.615636601
769.4,-7.648342068
769.6,-9.39410722
769.8,-10.7821928
770,-11.75671434
770.2,-12.27870754
770.4,-12.32751406
770.6,-11.90152181
770.8,-10.87818517
771,-9.436424734
771.2,-7.624269988
771.4,-5.492259929
771.6,-3.287813344
771.8,-0.949543272
772,1.424433703
772.2,3.735407433
772.4,5.887790284
772.6,7.793063028
772.8,9.373359
773,10.56451721
773.2,11.31850171
773.4,11.47492764
773.6,11.1537435
773.8,10.35290435
774,9.09226017
774.2,7.593638615
774.4,5.752418498
774.6,3.646139883
774.8,1.362225271
775,-1.00477713
775.2,-3.357113579
775.4,-5.597945859
775.6,-7.635424379
775.8,-9.386482162
776,-10.78016268
776.2,-11.76035432
776.4,-12.28786464
776.6,-12.34181445
776.8,-11.92038488
777,-10.90084677
777.2,-9.461967401
777.4,-7.651652879
777.6,-5.520360867
777.8,-3.315475635
778,-0.97562651
778.2,1.401003921
778.4,3.715593557
778.6,5.872402324
778.8,7.78272562
779,9.368487338
779.2,10.56530237
779.4,11.3249052
779.6,11.48668123
779.8,11.17035971
780,10.37370003
780.2,9.116382657
780.4,7.620101572
780.6,5.780140571
780.8,3.673985537
781,1.389052148
781.2,-0.980069703
781.4,-3.335537577
781.6,-5.580381711
781.8,-7.62258461
782,-9.378883232
782.2,-10.77810589
782.4,-11.76391596
782.6,-12.29689495
782.8,-12.35594474
783,-11.93904144
783.2,-10.92327389
783.4,-9.48725719
783.6,-7.678774871
783.8,-5.548203649
784,-3.342893183
784.2,-1.001488517
784.4,1.377762754
784.6,3.695927959
784.8,5.857116279
785,7.77243966
785.2,9.363614623
785.4,10.56603408
785.6,11.33120506
785.8,11.49828528
786,11.18678664
786.2,10.39427448
786.4,9.140261078
786.6,7.646307647
786.8,5.807603499
787,3.701580442
787.2,1.415646984
787.4,-0.955566089
787.6,-3.314128832
787.8,-5.562941466
788,-7.609820401
788.2,-9.371308514
788.4,-10.77602105
788.6,-11.76739846
788.8,-12.30579827
789,-12.36990536
789.2,-11.95749257
789.4,-10.94546818
789.6,-9.512296243
789.8,-7.705638521
790,-5.575791135
790.2,-3.37006903
790.4,-1.027132394
790.6,1.354707173
790.8,3.676407805
791,5.841929622
791.2,7.762203032
791.4,9.358739243
791.6,10.56671129
791.8,11.33740085
792,11.50973997
792.2,11.20302509
792.4,10.41462908
792.6,9.163897326
792.8,7.672259174
793,5.834809961
793.2,3.728927508
793.4,1.442012798
793.6,-0.931263284
793.8,-3.292884475
794,-5.545622515
794.2,-7.597129503
794.4,-9.36375621
794.6,-10.77390688
794.8,-11.77080114
795,-12.31457452
795.2,-12.38369683
795.4,-11.97573936
795.6,-10.96743128
795.8,-9.537086674
796,-7.732246324
796.2,-5.603126099
796.4,-3.397006113
796.6,-1.052561118
796.8,1.331834282
797,3.6570304
797.2,5.826839972
797.4,7.752013768
797.6,9.353859716
797.8,10.56733308
798,11.34349223
798.2,11.52104557
798.4,11.2190759
798.6,10.43476523
798.8,9.187293293
799,7.697958455
799.2,5.861762571
799.4,3.756029557
799.6,1.4681525
799.8,-0.907158407
800,-3.271801778
800.2,-5.528422386
800.4,-7.584509808
800.6,-9.356224659
800.8,-10.77176224
801,-11.7741234
801.2,-12.32322371
801.4,-12.39731975
801.6,-11.99378297
801.8,-10.98916483
802,-9.561630577
802.2,-7.758600728
802.4,-5.630211241
802.6,-3.423707272
802.8,-1.077777551
803,1.309141316
803.2,3.637793189
803.4,5.811845089
803.6,7.741870032
803.8,9.348974691
804,10.56789862
804.2,11.34947895
804.4,11.5322024
804.6,11.23493998
804.8,10.45468436
805,9.210450858
805.2,7.723407754
805.4,5.888463884
805.6,3.782889326
805.8,1.494068899
806,-0.883248698
806.2,-3.250878138
806.4,-5.511338747
806.6,-7.571959342
806.8,-9.348712331
807,-10.76958609
807.2,-11.77736477
807.4,-12.33174591
807.6,-12.41077475
807.8,-12.01162456
808,-11.0106705
808.2,-9.585930023
808.4,-7.784704133
808.6,-5.65704919
808.8,-3.450175254
809,-1.102784445
809.2,1.286625632
809.4,3.618693747
809.6,5.796942866
809.8,7.731770122
810,9.344082935
810.2,10.5684072
810.4,11.35536086
810.6,11.54321087
810.8,11.25061825
811,10.47438788
811.2,9.233371897
811.4,7.748609303
811.6,5.914916396
811.8,3.809509471
812,1.5197647
812.2,-0.859531512
812.4,-3.230111081
812.6,-5.494369392
812.8,-7.559476263
813,-9.341217818
813.2,-10.76737753
813.4,-11.78052485
813.6,-12.34014128
813.8,-12.42406253
814,-12.02926534
814.2,-11.03194995
814.4,-9.609987064
814.6,-7.810558893
814.8,-5.683642505
815,-3.476412718
815.2,-1.127584447
815.4,1.264284705
815.6,3.599729776
815.8,5.782131323
816,7.721712459
816.2,9.339183336
816.4,10.56885824
816.6,11.36113788
816.8,11.55407143
817,11.2661117
817.2,10.49387727
817.4,9.256058275
817.6,7.773565302
817.8,5.941122548
818,3.835892572
818.2,1.545242515
818.4,-0.836004312
818.6,-3.209498249
818.8,-5.47751224
819,-7.547058849
819.2,-9.333739829
819.4,-10.76513575
819.6,-11.78360335
819.8,-12.34841006
820,-12.43718384
820.2,-12.04670654
820.4,-11.05300485
820.6,-9.633803733
820.8,-7.836167322
821,-5.709993683
821.2,-3.502422237
821.4,-1.152180101
821.6,1.242116122
821.8,3.580899096
822,5.767408603
822.2,7.711695581
822.4,9.33427489
822.6,10.56925121
822.8,11.36681003
823,11.56478463
823.2,11.28142135
823.4,10.513154
823.6,9.278511853
823.8,7.798277919
824,5.967084726
824.2,3.862041134
824.4,1.570504866
824.6,-0.812664666
824.8,-3.189037399
825,-5.460765328
825.2,-7.534705497
825.4,-9.326277186
825.6,-10.76286004
825.8,-11.78660008
826,-12.35655256
826.2,-12.45013948
826.4,-12.06394943
826.6,-11.07383687
826.8,-9.657382044
827,-7.861531689
827.2,-5.736105153
827.4,-3.528206305
827.6,-1.176573858
827.8,1.22011758
828,3.562199639
828.2,5.752772962
828.4,7.701718142
828.6,9.329356699
828.8,10.5695857
829,11.37237739
829.2,11.57535104
829.4,11.29654827
829.6,10.53221954
829.8,9.300734483
830,7.822749293
830.2,5.992805266
830.4,3.887957594
830.6,1.595554187
830.8,-0.78951024
831,-3.168726395
831.2,-5.444126805
831.4,-7.522414716
831.6,-9.318828818
831.8,-10.76054979
832,-11.7895149
832.2,-12.36456913
832.4,-12.46293031
832.6,-12.0809953
832.8,-11.09444769
833,-9.680723992
833.2,-7.886654225
833.4,-5.76197929
833.6,-3.553767335
833.8,-1.200768075
834,1.198286874
834.2,3.54362945
834.4,5.73822277
834.6,7.691778902
834.8,9.324427965
835,10.5698614
835.2,11.37784014
835.4,11.61780102
835.6,11.34459915
835.8,10.58771488
836,9.364369323
836.2,7.848435701
836.4,6.021617676
836.6,3.918487959
836.8,1.626410095
837,-0.759681536
837.2,-3.141201139
837.4,-5.420063125
837.6,-7.50281199
837.8,-9.304492048
838,-10.7520615
838.2,-11.7872159
838.4,-12.36854833
838.6,-12.47302364
838.8,-12.09679231
839,-11.11530851
839.2,-9.705805848
839.4,-7.914936241
839.6,-5.792303324
839.8,-3.584884524
840,-1.231393236
840.2,1.169417953
840.4,3.517705778
840.6,5.71630771
840.8,7.674766237
841,9.313006452
841.2,10.56448894
841.4,11.37872782
841.6,11.62490483
841.8,11.35761805
842,10.60610872
842.2,9.387379814
842.4,7.875117563
842.6,6.050878858
842.8,3.949128254
843,1.657170558
843.2,-0.730065304
843.4,-3.113944941
843.6,-5.396282386
843.8,-7.483475153
844,-9.290381461
844.2,-10.74374332
844.4,-11.78501965
844.6,-12.37255616
844.8,-12.48306872
845,-12.1124652
845.2,-11.13597416
845.4,-9.730628978
845.6,-7.942906266
845.8,-5.822274707
846,-3.615622694
846.2,-1.261628816
846.4,1.140932994
846.6,3.492144579
846.8,5.694718732
847,7.658029931
847.2,9.301800342
847.4,10.55926221
847.6,11.37968572
847.8,11.63200059
848,11.3705511
848.2,10.62434264
848.4,9.41016303
848.6,7.901514274
848.8,6.079808793
849,3.979404896
849.2,1.687549989
849.4,-0.700831764
849.6,-3.087057348
849.8,-5.372841062
850,-7.464434704
850.2,-9.276512217
850.4,-10.73560171
850.6,-11.78292812
850.8,-12.37659267
851,-12.49306534
851.2,-12.12801453
851.4,-11.15644622
851.6,-9.755196372
851.8,-7.970568894
852,-5.8518997
852.2,-3.645989833
852.4,-1.291484119
852.6,1.112821816
852.8,3.466935244
853,5.673445253
853.2,7.641559875
853.4,9.29080042
853.6,10.55417328
853.8,11.3807075
854,11.63908378
854.2,11.38339585
854.4,10.6424163
854.6,9.432720762
854.8,7.927629672
855,6.108413207
855.2,4.00932526
855.4,1.717557103
855.6,-0.671971219
855.8,-3.060528083
856,-5.349728719
856.2,-7.445680476
856.4,-9.262874832
856.6,-10.72762824
856.8,-11.78093428
857,-12.38065254
857.2,-12.50301009
857.4,-12.14343892
857.6,-11.1767254
857.8,-9.779510804
858,-7.997928846
858.2,-5.881184776
858.4,-3.675993893
858.6,-1.320968246
858.8,1.085074547
859,3.44206754
859.2,5.652477102
859.4,7.625346374
859.6,9.279997862
859.8,10.54921456
860,11.3817871
860.2,11.64615013
860.4,11.39614997
860.6,10.6603294
860.8,9.45505477
861,7.953467482
861.2,6.136697634
861.4,4.038896453
861.6,1.747200288
861.8,-0.643474351
862,-3.034347283
862.2,-5.326935352
862.4,-7.427202735
862.6,-9.249460236
862.8,-10.71981488
863,-11.77903146
863.2,-12.38473071
863.4,-12.51289973
863.6,-12.15873711
863.8,-11.19681245
864,-9.803574987
864.2,-8.024990697
864.4,-5.910136181
864.6,-3.705642537
864.8,-1.35008995
865,1.057681704
865.2,3.417531649
865.4,5.631804529
865.6,7.609380147
865.8,9.269384235
866,10.5443788
866.2,11.38291875
866.4,11.65319561
866.6,11.40881128
866.8,10.67808175
867,9.477166799
867.2,7.979031327
867.4,6.164667421
867.6,4.068125329
867.8,1.776487613
868,-0.615332206
868.2,-3.00850548
868.4,-5.30445137
868.6,-7.408992155
868.8,-9.236259751
869,-10.71215396
869.2,-11.77721329
869.4,-12.38882238
869.6,-12.52273124
869.8,-12.17390792
870,-11.21670812
870.2,-9.827391572
870.4,-8.051758882
870.6,-5.93875995
870.8,-3.734943142
871,-1.37885765
871.2,1.030634183
871.4,3.393318155
871.6,5.611418192
871.8,7.593652312
872,9.258951479
872.2,10.53965908
872.4,11.38409698
872.6,11.66021638
872.8,11.42137777
873,10.69567318
873.2,9.49905857
873.4,8.004324731
873.6,6.192327744
873.8,4.097018496
874,1.805426848
874.2,-0.587536178
874.4,-2.982993586
874.6,-5.282267575
874.8,-7.391039809
875,-9.223265081
875.2,-10.70463814
875.4,-11.7754737
875.6,-12.39292299
875.8,-12.53250173
876,-12.18895033
876.2,-11.23641323
876.4,-9.850963208
876.6,-8.078237767
876.8,-5.967061988
877,-3.763902907
877.2,-1.407279533
877.4,1.003923144
877.6,3.369417933
877.8,5.591309061
878,7.578154299
878.2,9.248691834
878.4,10.53504879
878.6,11.38531655
878.8,11.6672088
879,11.43384754
879.2,10.71310364
879.4,9.520731837
879.6,8.029351182
879.8,6.219683682
880,4.125582413
880.2,1.83402556
880.4,-0.560077904
880.6,-2.957802788
880.8,-5.260375068
881,-7.373337073
881.2,-9.210468228
881.4,-10.69726038
881.6,-11.77380688
881.8,-12.39702821
882,-12.54220851
882.2,-12.20386336
882.4,-11.2559286
882.6,-9.874292451
882.8,-8.104431543
883,-5.995047944
883.2,-3.792528706
883.4,-1.435363413
883.6,0.977540161
883.8,3.345822293
884,5.571468538
884.2,7.562877957
884.4,9.238597928
884.6,10.53054161
884.8,11.3865725
885,11.67416946
885.2,11.44621882
885.4,10.73037307
885.6,9.54218828
885.8,8.054114008
886,6.246740069
886.2,4.153823216
886.4,1.862290934
886.6,-0.532949449
886.8,-2.932924728
887,-5.238765411
887.2,-7.355875774
887.4,-9.197861622
887.6,-10.69001401
887.8,-11.77220734
888,-12.40113393
888.2,-12.55184905
888.4,-12.21864613
888.6,-11.27525501
888.8,-9.897381741
889,-8.130344197
889.2,-6.022723189
889.4,-3.820827066
889.6,-1.4631167
889.8,0.951477245
890,3.322523001
890.2,5.551888483
890.4,7.547815572
890.6,9.228662789
890.8,10.52613162
891,11.38786014
891.2,11.68109511
891.4,11.45848994
891.6,10.74748139
891.8,9.563429403
892,8.078616241
892.2,6.273501335
892.4,4.18174655
892.6,1.890229594
892.8,-0.506143485
893,-2.908351676
893.2,-5.217430791
893.4,-7.338648337
893.6,-9.185438227
893.8,-10.68289283
894,-11.77066996
894.2,-12.40523632
894.4,-12.56142095
894.6,-12.23329778
894.8,-11.29439318
895,-9.920233324
895.2,-8.155979422
895.4,-6.050092706
895.6,-3.848804055
895.8,-1.490546296
896,0.925726955
896.2,3.299512378
896.4,5.532561296
896.6,7.532959938
896.8,9.218879898
897,10.52181322
897.2,11.38917509
897.4,11.68798273
897.6,11.47065937
897.8,10.76442867
898,9.584456833
898.2,8.102861007
898.4,6.299971975
898.6,4.209358088
898.8,1.917848156
899,-0.479652727
899.2,-2.884075981
899.4,-5.196363502
899.6,-7.321647316
899.8,-9.173191166
900,-10.6758908
900.2,-11.76918979
900.4,-12.40933171
900.6,-12.57092198
900.8,-12.2478176
901,-11.31334395
901.2,-9.942849557
901.4,-8.181340988
901.6,-6.077161526
901.8,-3.876465755
902,-1.517659074
902.2,0.900281903
902.4,3.276782834
902.6,5.513479498
902.8,7.518303991
903,9.209242892
903.2,10.51758104
903.4,11.39051312
903.6,11.69482945
903.8,11.4827257
904,10.781215
904.2,9.605272189
904.4,8.126851357
904.6,6.326156343
904.8,4.236663309
905,1.945152994
905.2,-0.45347017
905.4,-2.860090294
905.6,-5.175556157
905.8,-7.304865587
906,-9.161113866
906.2,-10.66900217
906.4,-11.76776213
906.6,-12.41341666
906.8,-12.58035005
907,-12.26220497
907.2,-11.33210819
907.4,-9.965232754
907.6,-8.206432564
907.8,-6.103934518
908,-3.90381803
908.2,-1.544461656
908.4,0.875134993
908.6,3.254327089
908.8,5.494635923
909,7.503840973
909.2,9.199745702
909.4,10.51342993
909.6,11.39187024
909.8,11.70163256
910,11.49468764
910.2,10.79784055
910.4,9.625877077
910.6,8.150590271
910.8,6.352058667
911,4.263667509
911.2,1.972150253
911.4,-0.427589073
911.6,-2.836387559
911.8,-5.155001674
912,-7.288296332
912.2,-9.14920005
912.4,-10.66222146
912.6,-11.76638251
912.8,-12.41748788
913,-12.58970324
913.2,-12.27645935
913.4,-11.35068678
913.6,-9.987385191
913.8,-8.23125772
914,-6.130416397
914.2,-3.930866545
914.4,-1.570960415
914.6,0.850279403
914.8,3.232138156
915,5.476023708
915.2,7.489564427
915.4,9.190382536
915.6,10.509355
915.8,11.39324267
916,11.70838954
916.2,11.50654402
916.4,10.81430555
916.6,9.646273098
916.8,8.17408066
917,6.377683047
917.2,4.290375808
917.4,1.998845859
917.6,-0.402002952
917.8,-2.812961001
918,-5.134693262
918.2,-7.271933026
918.4,-9.137443722
918.6,-10.65554344
918.8,-11.76504669
919,-12.42154229
919.2,-12.59897973
919.4,-12.2905803
919.6,-11.36908063
919.8,-10.00930911
920,-8.255819928
920.2,-6.156611729
920.4,-3.957616767
920.6,-1.597161492
920.8,0.825708575
921,3.21020933
921.2,5.457636278
921.4,7.475468177
921.6,9.18114787
921.8,10.5053516
922,11.3946268
922.2,11.71509801
922.4,11.51829376
922.6,10.83061025
922.8,9.666461842
923,8.19732537
923.2,6.403033465
923.4,4.316793157
923.6,2.025245525
923.8,-0.376705569
924,-2.789804111
924.2,-5.114624414
924.4,-7.255769423
924.6,-9.125839159
924.8,-10.64896315
925,-11.76375065
925.2,-12.42557699
925.4,-12.60817784
925.6,-12.30456743
925.8,-11.42240832
926,-10.06494823
926.2,-8.315541273
926.4,-6.228594552
926.6,-3.98760085
926.8,-1.627717884
927,0.79603249
927.2,3.182750587
927.4,5.433590387
927.6,7.455857842
927.8,9.16679293
928,10.4968442
928.2,11.39231394
928.4,11.71906706
928.6,11.52837359
928.8,10.84638356
929,9.687278874
929.2,8.222330507
929.4,6.431202502
929.6,4.346970071
929.8,2.056189663
930,-0.346267202
930.2,-2.761122459
930.4,-5.08887493
930.6,-7.234002624
930.8,-9.108937732
931,-10.63760745
931.2,-11.75839354
931.4,-12.42642818
931.6,-12.61519755
931.8,-12.31746826
932,-11.44066597
932.2,-10.08782568
932.4,-8.342108541
932.6,-6.257764829
932.8,-4.018173534
933,-1.658429808
933.2,0.766450155
933.4,3.155517675
933.6,5.409825711
933.8,7.436532536
934,9.15269142
934.2,10.4885342
934.4,11.39012604
934.6,11.72308178
934.8,11.53841468
935,10.86203142
935.2,9.707886347
935.4,8.247049734
935.6,6.45902163
935.8,4.376747887
936,2.086702233
936.2,-0.316274906
936.4,-2.732882915
936.6,-5.063545393
936.8,-7.212616426
937,-9.092362083
937.2,-10.62650954
937.4,-11.75321584
937.6,-12.42737324
937.8,-12.62222186
938,-12.33028433
938.2,-11.45875297
938.4,-10.11045357
938.6,-8.368357525
938.8,-6.286561203
939,-4.048332171
939.2,-1.688704735
939.4,0.73730965
939.6,3.128713171
939.8,5.386458397
940,7.417557287
940.2,9.138878419
940.4,10.48043949
940.6,11.38807152
940.8,11.72714267
941,11.54841307
941.2,10.87754967
941.4,9.728282814
941.6,8.271485394
941.8,6.486496357
942,4.406134704
942.2,2.116793376
942.4,-0.286717062
942.6,-2.705072946
942.8,-5.038622925
943,-7.191598162
943.2,-9.076100288
943.4,-10.61565872
943.6,-11.74820856
943.8,-12.42840522
944,-12.62924614
944.2,-12.34301349
944.4,-11.47666981
944.6,-10.13283494
944.8,-8.394293713
945,-6.314991384
945.2,-4.078086369
945.4,-1.718553772
945.6,0.708598833
945.8,3.1023244
946,5.363475758
946.2,7.398919916
946.4,9.125342751
946.6,10.47255034
946.8,11.38614253
947,11.73124405
947.2,11.55836546
947.4,10.89293752
947.6,9.748470037
947.8,8.295641714
948,6.513633192
948.2,4.435139046
948.4,2.146473271
948.6,-0.257582254
948.8,-2.677680375
949,-5.014095083
949.2,-7.170935638
949.4,-9.060140897
949.6,-10.60504475
949.8,-11.74336306
950,-12.42951745
950.2,-12.63626597
950.4,-12.35565373
950.6,-11.49441695
950.8,-10.15497272
951,-8.4199224
951.2,-6.343062794
951.4,-4.10744537
951.6,-1.747987593
951.8,0.680306041
952,3.076339191
952.2,5.340865622
952.4,7.380608745
952.6,9.112073711
952.8,10.46485746
953,11.38433154
953.2,11.73538048
953.4,11.56826872
953.6,10.90819427
953.8,9.768449748
954,8.319522786
954.2,6.540438418
954.4,4.463769122
954.6,2.175751712
954.8,-0.228859511
955,-2.650693504
955.2,-4.989949929
955.4,-7.15061716
955.6,-9.044472937
955.8,-10.59465783
956,-11.73867111
956.2,-12.43070358
956.4,-12.64327713
956.6,-12.36820317
956.8,-11.51199489
957,-10.17686978
957.2,-8.445248706
957.4,-6.370782592
957.6,-4.136418073
957.8,-1.777016465
958,0.652420067
958.2,3.050745862
958.4,5.318616309
958.6,7.362612581
958.8,9.099061045
959,10.45735195
959.2,11.38263139
959.4,11.77171198
959.6,11.61070991
959.8,10.95886269
960,9.82874101
960.2,8.344037619
960.4,6.569803854
960.6,4.496523172
960.8,2.210390736
961,-0.193857177
961.2,-2.616826337
961.4,-4.958643477
961.6,-7.123172546
961.8,-9.022018656
962,-10.57810835
962.2,-11.72869434
962.4,-12.42769821
962.6,-12.6473599
962.8,-12.37920549
963,-11.52946901
963.2,-10.20011156
963.4,-8.473314204
963.6,-6.402524332
963.8,-4.170529674
964,-1.812087137
964.2,0.617840838
964.4,3.018085736
964.6,5.289219002
964.8,7.337681489
965,9.079610394
965.2,10.44416739
965.4,11.37624101
965.6,11.77236705
965.8,11.61836922
966,10.97320041
966.2,9.8491603
966.4,8.369694138
966.6,6.599645052
966.8,4.52932371
967,2.244801211
967.2,-0.159253506
967.4,-2.583453022
967.6,-4.927869929
967.8,-7.096256135
968,-9.000052952
968.2,-10.56197983
968.4,-11.71904894
968.6,-12.42491827
968.8,-12.65155129
969,-12.39019419
969.2,-11.5468075
969.4,-10.2231008
969.6,-8.50102025
969.8,-6.433814236
970,-4.20411541
970.2,-1.846579827
970.4,0.58386765
970.6,2.986034588
970.8,5.260408494
971,7.31329095
971.2,9.060632008
971.4,10.43136766
971.6,11.37013248
971.8,11.77318965
972,11.62607522
972.2,10.98746242
972.4,9.869384898
972.6,8.395045294
972.8,6.629082922
973,4.561639677
973.2,2.278665946
973.4,-0.12523416
973.6,-2.550678497
973.8,-4.897685018
974,-7.069894123
974.2,-8.978584848
974.4,-10.54627197
974.6,-11.70973034
974.8,-12.42235813
975,-12.65584671
975.2,-12.40116706
975.4,-11.56401103
975.6,-10.24584146
975.8,-8.528374242
976,-6.464663103
976.2,-4.237189392
976.4,-1.880511335
976.6,0.550481764
976.8,2.95457255
977,5.23216463
977.2,7.289421361
977.4,9.042107641
977.6,10.41893661
977.8,11.36429241
978,11.77416971
978.2,11.63382153
978.4,11.00164628
978.6,9.889416411
978.8,8.420096653
979,6.658126748
979.2,4.593483686
979.4,2.312000362
979.6,-0.091781552
979.8,-2.518483741
980,-4.868069067
980.2,-7.044066983
980.4,-8.957595762
980.6,-10.5309679
980.8,-11.70072401
981,-12.42000625
981.2,-12.66023805
981.4,-12.41211972
981.6,-11.58107918
981.8,-10.26833702
982,-8.55538347
982.2,-6.495081716
982.4,-4.269765446
982.6,-1.913897957
982.8,0.517665096
983,2.923680503
983.2,5.20446804
983.4,7.266053896
983.6,9.024019781
983.8,10.40685875
984,11.35870796
984.2,11.77529756
984.4,11.64160203
984.6,11.01574966
984.8,9.909256382
985,8.444853551
985.2,6.686785436
985.4,4.624867838
985.6,2.34481925
985.8,-0.058878815
986,-2.486850505
986.2,-4.839003201
986.4,-7.018755986
986.6,-8.937067873
986.8,-10.51605141
987,-11.69201606
987.2,-12.41785157
987.4,-12.66471753
987.6,-12.42304799
987.8,-11.5980115
988,-10.29059085
988.2,-8.58205493
988.4,-6.525080422
988.6,-4.30185684
988.8,-1.946755325
989,0.4854003
989.2,2.893340106
989.4,5.177300145
989.6,7.243170499
989.8,9.006351632
990,10.39511922
990.2,11.35336682
990.4,11.77656392
990.6,11.64941086
990.8,11.02977033
991,9.928906292
991.2,8.469321111
991.4,6.715067531
991.6,4.655803744
991.8,2.377136802
992,-0.026509767
992.2,-2.455761287
992.4,-4.810469315
992.6,-6.993943166
992.8,-8.916984089
993,-10.50150698
993.2,-11.68359314
993.4,-12.41588346
993.6,-12.66927767
993.8,-12.43394786
994,-11.61480762
994.2,-10.31260617
994.4,-8.608395337
994.6,-6.554669151
994.8,-4.333476304
995,-1.979098438
995.2,0.453670734
995.4,2.863533763
995.6,5.150643123
995.8,7.220753853
996,8.989087087
996.2,10.38370379
996.4,11.34825718
996.6,11.7779599
996.8,11.6572424
997,11.04370617
997.2,9.948367576
997.4,8.49350426
997.6,6.742981242
997.8,4.686302551
998,2.408966639
998.2,0.005341123
998.4,-2.425199291
998.6,-4.782450042
998.8,-6.969611294
999,-8.897328016
999.2,-10.48731971
999.4,-11.67544246
999.6,-12.41409177
999.8,-12.67391135
