-0.829936027527, HeadPitch
-0.829936027527, HeadPitch
-0.829936027527, HeadPitch
-0.829936027527, HeadPitch
-0.829936027527, HeadPitch
-0.829936027527, HeadPitch
-0.829936027527, HeadPitch
-0.829936027527, HeadPitch
-0.829936027527, HeadPitch
-0.831470012665, HeadPitch
-0.829936027527, HeadPitch
-0.829936027527, HeadPitch
-0.829936027527, HeadPitch
-0.829936027527, HeadPitch
-0.829936027527, HeadPitch
-0.829936027527, HeadPitch
-0.831470012665, HeadPitch
-0.829936027527, HeadPitch
-0.829936027527, HeadPitch
-0.829936027527, HeadPitch
-0.829936027527, HeadPitch
-0.829936027527, HeadPitch
-0.829936027527, HeadPitch
-0.829936027527, HeadPitch
-0.829936027527, HeadPitch
-0.829936027527, HeadPitch
-0.829936027527, HeadPitch
-0.829936027527, HeadPitch
-0.829936027527, HeadPitch
-0.829936027527, HeadPitch
-0.829936027527, HeadPitch
-0.829936027527, HeadPitch
-0.829936027527, HeadPitch
-0.829936027527, HeadPitch
-0.829936027527, HeadPitch
-0.829936027527, HeadPitch
-0.829936027527, HeadPitch
-0.829936027527, HeadPitch
-0.829936027527, HeadPitch
-0.829936027527, HeadPitch
-0.829936027527, HeadPitch
-0.829936027527, HeadPitch
-0.829936027527, HeadPitch
-0.829936027527, HeadPitch
-0.829936027527, HeadPitch
-0.829936027527, HeadPitch
-0.829936027527, HeadPitch
-0.829936027527, HeadPitch
-0.829936027527, HeadPitch
-0.831470012665, HeadPitch
-0.831470012665, HeadPitch
-0.831470012665, HeadPitch
-0.829936027527, HeadPitch
-0.829936027527, HeadPitch
-0.829936027527, HeadPitch
-0.829936027527, HeadPitch
-0.829936027527, HeadPitch
-0.829936027527, HeadPitch
-0.829936027527, HeadPitch
-0.829936027527, HeadPitch
-0.829936027527, HeadPitch
-0.831470012665, HeadPitch
-0.831470012665, HeadPitch
-0.829936027527, HeadPitch
-0.831470012665, HeadPitch
-0.829936027527, HeadPitch
-0.829936027527, HeadPitch
-0.829936027527, HeadPitch
-0.829936027527, HeadPitch
-0.829936027527, HeadPitch
-0.829936027527, HeadPitch
-0.829936027527, HeadPitch
-0.829936027527, HeadPitch
-0.829936027527, HeadPitch
-0.831470012665, HeadPitch
-0.829936027527, HeadPitch
-0.829936027527, HeadPitch
-0.829936027527, HeadPitch
-0.831470012665, HeadPitch
-0.829936027527, HeadPitch
-0.829936027527, HeadPitch
-0.831470012665, HeadPitch
-0.829936027527, HeadPitch
-0.829936027527, HeadPitch
-0.829936027527, HeadPitch
-0.829936027527, HeadPitch
-0.829936027527, HeadPitch
-0.829936027527, HeadPitch
-0.829936027527, HeadPitch
-0.829936027527, HeadPitch
-0.829936027527, HeadPitch
-0.829936027527, HeadPitch
-0.831470012665, HeadPitch
-0.829936027527, HeadPitch
-0.829936027527, HeadPitch
-0.829936027527, HeadPitch
-0.829936027527, HeadPitch
-0.829936027527, HeadPitch
-0.829936027527, HeadPitch
